"imputer","approach","task","mean_acc","mean_auc","mean_f1"
"impute_hist_num_impute_mode_fac","B",4,0.732424242424242,0.783865079365079,0.72513267933436
"impute_hist_num_impute_mode_fac","B",25,0.646849315068493,0.700935793637888,0.685965203714143
"impute_hist_num_impute_mode_fac","B",51,0.575,0.625,0.791666666666667
"impute_hist_num_impute_mode_fac","B",54,0.818064516129032,0.792052706552707,0.483826667492033
"impute_hist_num_impute_mode_fac","B",55,0.945747126436782,0.980973028471582,0.955412642263464
"impute_hist_num_impute_mode_fac","B",3021,0.963468090712667,0.954333914216169,0.980477782266789
"impute_hist_num_impute_mode_fac","B",3557,0.691176470588235,0.74431977244921,0.715159254549604
"impute_hist_num_impute_mode_fac","B",3561,0.669651741293532,0.675546749838849,0.771037449853811
"impute_hist_num_impute_mode_fac","B",3626,0.83047619047619,0.793333333333333,0.899456099456099
"impute_hist_num_impute_mode_fac","B",3675,0.660734366035571,0.73338230973379,0.67875737580626
"impute_hist_num_impute_mode_fac","B",3704,0.89458925363384,0.948567520257146,0.850773281513756
"impute_hist_num_impute_mode_fac","B",3719,0.954475806451613,0.981163040176198,0.960166997374005
"impute_hist_num_impute_mode_fac","B",3722,0.795838690824079,0.862883127100176,0.843077206976382
"impute_hist_num_impute_mode_fac","B",3761,0.760727272727273,0.84347619047619,0.714899766899767
"impute_hist_num_impute_mode_fac","B",3793,0.719948128499853,0.788598672895254,0.717600350040669
"impute_hist_num_impute_mode_fac","B",3807,0.773846153846154,0.839867063492064,0.750103636290517
"impute_hist_num_impute_mode_fac","B",3852,0.672119801365611,0.823161751557476,0.660332982636271
"impute_hist_num_impute_mode_fac","B",3856,0.883857667635287,0.976781764898892,0.859827249870938
"impute_hist_num_impute_mode_fac","B",3865,0.75251837007348,0.73219168931113,0.78951697190519
"impute_hist_num_impute_mode_fac","B",3870,0.788831168831169,0.856305139305139,0.748571684279586
"impute_hist_num_impute_mode_fac","B",3871,0.617417543859649,0.630737176193878,0.440150887005817
"impute_hist_num_impute_mode_fac","B",3881,0.805315284090764,0.785626192735169,0.848974049815587
"impute_hist_num_impute_mode_fac","B",3886,0.945837269214255,0.960577118347339,0.807416680019897
"impute_hist_num_impute_mode_fac","B",125920,0.6,0.599126649482651,0.680348105125596
"impute_hist_num_impute_oor_fac","B",4,0.834848484848485,0.900482142857143,0.766425241425241
"impute_hist_num_impute_oor_fac","B",25,0.802547204738985,0.839104257363035,0.846152837206922
"impute_hist_num_impute_oor_fac","B",51,0.48,0.6,0.777777777777778
"impute_hist_num_impute_oor_fac","B",54,0.821505376344086,0.829754566421233,0.546791129935926
"impute_hist_num_impute_oor_fac","B",55,0.939310344827586,0.982725714693892,0.949951827280575
"impute_hist_num_impute_oor_fac","B",3021,0.963521070845118,0.954265917524991,0.980504851400554
"impute_hist_num_impute_oor_fac","B",3557,0.691176470588235,0.74431977244921,0.715159254549604
"impute_hist_num_impute_oor_fac","B",3561,0.670839137645108,0.674676290782465,0.771910512185129
"impute_hist_num_impute_oor_fac","B",3626,0.83047619047619,0.793333333333333,0.899456099456099
"impute_hist_num_impute_oor_fac","B",3675,0.67219736087206,0.738523663275682,0.698368036919415
"impute_hist_num_impute_oor_fac","B",3704,0.89458925363384,0.948567520257146,0.850773281513756
"impute_hist_num_impute_oor_fac","B",3719,0.953225806451613,0.981163040176198,0.959236764815865
"impute_hist_num_impute_oor_fac","B",3722,0.813948957724527,0.885825045011659,0.856233253307541
"impute_hist_num_impute_oor_fac","B",3761,0.760727272727273,0.84347619047619,0.714899766899767
"impute_hist_num_impute_oor_fac","B",3793,0.719948128499853,0.788598672895254,0.717600350040669
"impute_hist_num_impute_oor_fac","B",3807,0.773846153846154,0.840702380952381,0.751365129945603
"impute_hist_num_impute_oor_fac","B",3852,0.9451930477964,0.977735410662119,0.960915712755912
"impute_hist_num_impute_oor_fac","B",3856,0.945376878605674,0.983494030563661,0.95223954957407
"impute_hist_num_impute_oor_fac","B",3865,0.803660654642619,0.798547602545049,0.864603040566101
"impute_hist_num_impute_oor_fac","B",3870,0.765945165945166,0.866544751544752,0.717650244990398
"impute_hist_num_impute_oor_fac","B",3871,0.621621052631579,0.637804109112098,0.501013180857122
"impute_hist_num_impute_oor_fac","B",3881,0.862031032180668,0.811911800581489,0.913404969305982
"impute_hist_num_impute_oor_fac","B",3886,0.922423787033061,0.98672356442577,0.805101630184634
"impute_hist_num_impute_oor_fac","B",125920,0.594,0.603025297245563,0.679283809256522
"impute_hist_num_impute_sample_fac","B",4,0.788484848484848,0.864634920634921,0.739302853227706
"impute_hist_num_impute_sample_fac","B",25,0.663169196593854,0.726397603357883,0.741287015567288
"impute_hist_num_impute_sample_fac","B",54,0.824516129032258,0.787555352055352,0.499509119363609
"impute_hist_num_impute_sample_fac","B",55,0.943908045977012,0.98302338819793,0.953884100831732
"impute_hist_num_impute_sample_fac","B",3021,0.963414829518506,0.953647686897436,0.980446023649972
"impute_hist_num_impute_sample_fac","B",3557,0.691176470588235,0.74431977244921,0.715159254549604
"impute_hist_num_impute_sample_fac","B",3561,0.671438363736871,0.669956691541034,0.771833857587542
"impute_hist_num_impute_sample_fac","B",3626,0.83047619047619,0.793333333333333,0.899456099456099
"impute_hist_num_impute_sample_fac","B",3675,0.665031554790591,0.740798877266699,0.689824583285406
"impute_hist_num_impute_sample_fac","B",3704,0.89458925363384,0.948567520257146,0.850773281513756
"impute_hist_num_impute_sample_fac","B",3719,0.957016129032258,0.98145741247057,0.962435965176179
"impute_hist_num_impute_sample_fac","B",3722,0.80125073056692,0.866190296443232,0.846689035509156
"impute_hist_num_impute_sample_fac","B",3761,0.760727272727273,0.84347619047619,0.714899766899767
"impute_hist_num_impute_sample_fac","B",3793,0.719948128499853,0.788598672895254,0.717600350040669
"impute_hist_num_impute_sample_fac","B",3807,0.772307692307692,0.837121031746032,0.750266902833772
"impute_hist_num_impute_sample_fac","B",3856,0.871092875868357,0.967143024488768,0.850875554717737
"impute_hist_num_impute_sample_fac","B",3865,0.752732130928524,0.74268973859643,0.789793177295617
"impute_hist_num_impute_sample_fac","B",3870,0.775844155844156,0.844771783771784,0.734623184894554
"impute_hist_num_impute_sample_fac","B",3871,0.578526315789474,0.59022952966769,0.42776802892964
"impute_hist_num_impute_sample_fac","B",3881,0.800181788417415,0.780071570310583,0.842220492742473
"impute_hist_num_impute_sample_fac","B",3886,0.949647917561185,0.976084267040149,0.821367538865135
"impute_hist_num_impute_sample_fac","B",125920,0.574,0.586481606886343,0.657655055175874
"impute_mean_num_impute_mode_fac","B",4,0.78969696969697,0.866230158730159,0.784931182471228
"impute_mean_num_impute_mode_fac","B",25,0.647012217697149,0.712585920107164,0.658072641118894
"impute_mean_num_impute_mode_fac","B",51,0.575,0.625,0.791666666666667
"impute_mean_num_impute_mode_fac","B",54,0.815483870967742,0.797213397713398,0.513413633150475
"impute_mean_num_impute_mode_fac","B",55,0.945747126436782,0.980973028471582,0.955412642263464
"impute_mean_num_impute_mode_fac","B",3021,0.966278707818785,0.959226712707446,0.981964152681417
"impute_mean_num_impute_mode_fac","B",3557,0.686470588235294,0.743102765846938,0.714698976395779
"impute_mean_num_impute_mode_fac","B",3561,0.669651741293532,0.675546749838849,0.771037449853811
"impute_mean_num_impute_mode_fac","B",3626,0.797142857142857,0.852777777777778,0.933947870311507
"impute_mean_num_impute_mode_fac","B",3675,0.665071715433161,0.740590643932666,0.680946671102927
"impute_mean_num_impute_mode_fac","B",3704,0.889764821166095,0.944091944032278,0.8412281951996
"impute_mean_num_impute_mode_fac","B",3719,0.954475806451613,0.981163040176198,0.960166997374005
"impute_mean_num_impute_mode_fac","B",3722,0.798585622443016,0.863812976486361,0.844779958417232
"impute_mean_num_impute_mode_fac","B",3761,0.757090909090909,0.849860317460317,0.704245088245088
"impute_mean_num_impute_mode_fac","B",3793,0.721635131152373,0.800286824494873,0.72142732532191
"impute_mean_num_impute_mode_fac","B",3807,0.76,0.842507936507937,0.739838020683951
"impute_mean_num_impute_mode_fac","B",3852,0.672119801365611,0.823161751557476,0.660332982636271
"impute_mean_num_impute_mode_fac","B",3856,0.883857667635287,0.976781764898892,0.859827249870938
"impute_mean_num_impute_mode_fac","B",3865,0.75251837007348,0.73219168931113,0.78951697190519
"impute_mean_num_impute_mode_fac","B",3870,0.787099567099567,0.856427387427387,0.748597154479507
"impute_mean_num_impute_mode_fac","B",3871,0.617417543859649,0.630737176193878,0.440150887005817
"impute_mean_num_impute_mode_fac","B",3881,0.805315284090764,0.785626192735169,0.848974049815587
"impute_mean_num_impute_mode_fac","B",3886,0.945837269214255,0.960577118347339,0.807416680019897
"impute_mean_num_impute_mode_fac","B",125920,0.6,0.599126649482651,0.680348105125596
"impute_mean_num_impute_oor_fac","B",4,0.841212121212121,0.923541666666667,0.789342186236536
"impute_mean_num_impute_oor_fac","B",25,0.769655683080341,0.844825438099168,0.789421020152189
"impute_mean_num_impute_oor_fac","B",51,0.48,0.6,0.777777777777778
"impute_mean_num_impute_oor_fac","B",54,0.823655913978495,0.822090008756675,0.531055873950611
"impute_mean_num_impute_oor_fac","B",55,0.939310344827586,0.982725714693892,0.949951827280575
"impute_mean_num_impute_oor_fac","B",3021,0.966278778084213,0.959179111967881,0.981961061398417
"impute_mean_num_impute_oor_fac","B",3557,0.686470588235294,0.743102765846938,0.714698976395779
"impute_mean_num_impute_oor_fac","B",3561,0.670839137645108,0.674676290782465,0.771910512185129
"impute_mean_num_impute_oor_fac","B",3626,0.797142857142857,0.852777777777778,0.933947870311507
"impute_mean_num_impute_oor_fac","B",3675,0.673138267355135,0.749324394419955,0.700940818531938
"impute_mean_num_impute_oor_fac","B",3704,0.889764821166095,0.944091944032278,0.8412281951996
"impute_mean_num_impute_oor_fac","B",3719,0.953225806451613,0.981163040176198,0.959236764815865
"impute_mean_num_impute_oor_fac","B",3722,0.812838496006234,0.886756786494116,0.855546627017479
"impute_mean_num_impute_oor_fac","B",3761,0.757090909090909,0.849860317460317,0.704245088245088
"impute_mean_num_impute_oor_fac","B",3793,0.721635131152373,0.800286824494873,0.72142732532191
"impute_mean_num_impute_oor_fac","B",3807,0.764615384615385,0.846488095238095,0.747528578002694
"impute_mean_num_impute_oor_fac","B",3852,0.9451930477964,0.977735410662119,0.960915712755912
"impute_mean_num_impute_oor_fac","B",3856,0.945376878605674,0.983494030563661,0.95223954957407
"impute_mean_num_impute_oor_fac","B",3865,0.803660654642619,0.798547602545049,0.864603040566101
"impute_mean_num_impute_oor_fac","B",3870,0.769119769119769,0.871457986457986,0.716784984806253
"impute_mean_num_impute_oor_fac","B",3871,0.621621052631579,0.637804109112098,0.501013180857122
"impute_mean_num_impute_oor_fac","B",3881,0.862031032180668,0.811911800581489,0.913404969305982
"impute_mean_num_impute_oor_fac","B",3886,0.922423787033061,0.98672356442577,0.805101630184634
"impute_mean_num_impute_oor_fac","B",125920,0.594,0.603025297245563,0.679283809256522
"impute_mean_num_impute_sample_fac","B",4,0.831818181818182,0.914001984126984,0.757572751322751
"impute_mean_num_impute_sample_fac","B",25,0.710055534987042,0.751673045902247,0.735849910316062
"impute_mean_num_impute_sample_fac","B",54,0.820645161290323,0.790195767195767,0.540108715845558
"impute_mean_num_impute_sample_fac","B",55,0.943908045977012,0.98302338819793,0.953884100831732
"impute_mean_num_impute_sample_fac","B",3021,0.966703111001809,0.959321585684903,0.982190244254976
"impute_mean_num_impute_sample_fac","B",3557,0.686470588235294,0.743102765846938,0.714698976395779
"impute_mean_num_impute_sample_fac","B",3561,0.671438363736871,0.669956691541034,0.771833857587542
"impute_mean_num_impute_sample_fac","B",3626,0.797142857142857,0.852777777777778,0.933947870311507
"impute_mean_num_impute_sample_fac","B",3675,0.674188181296615,0.739541087512374,0.698093384486681
"impute_mean_num_impute_sample_fac","B",3704,0.889764821166095,0.944091944032278,0.8412281951996
"impute_mean_num_impute_sample_fac","B",3719,0.957016129032258,0.98145741247057,0.962435965176179
"impute_mean_num_impute_sample_fac","B",3722,0.802548217416715,0.865387675974354,0.847243939401272
"impute_mean_num_impute_sample_fac","B",3761,0.757090909090909,0.849860317460317,0.704245088245088
"impute_mean_num_impute_sample_fac","B",3793,0.721635131152373,0.800286824494873,0.72142732532191
"impute_mean_num_impute_sample_fac","B",3807,0.770769230769231,0.841035714285714,0.753034422160788
"impute_mean_num_impute_sample_fac","B",3856,0.871092875868357,0.967143024488768,0.850875554717737
"impute_mean_num_impute_sample_fac","B",3865,0.752732130928524,0.74268973859643,0.789793177295617
"impute_mean_num_impute_sample_fac","B",3870,0.790909090909091,0.858741258741259,0.749354897088374
"impute_mean_num_impute_sample_fac","B",3871,0.578526315789474,0.59022952966769,0.42776802892964
"impute_mean_num_impute_sample_fac","B",3881,0.800181788417415,0.780071570310583,0.842220492742473
"impute_mean_num_impute_sample_fac","B",3886,0.949647917561185,0.976084267040149,0.821367538865135
"impute_mean_num_impute_sample_fac","B",125920,0.574,0.586481606886343,0.657655055175874
"impute_median_num_impute_mode_fac","B",4,0.673636363636364,0.645603174603175,0.668109536662168
"impute_median_num_impute_mode_fac","B",25,0.562532395409108,0.547449388907988,0.620139354330907
"impute_median_num_impute_mode_fac","B",51,0.575,0.625,0.791666666666667
"impute_median_num_impute_mode_fac","B",54,0.827096774193549,0.82225283975284,0.570021011503714
"impute_median_num_impute_mode_fac","B",55,0.945747126436782,0.980973028471582,0.955412642263464
"impute_median_num_impute_mode_fac","B",3021,0.93727236636394,0.748466238243339,0.96756714502819
"impute_median_num_impute_mode_fac","B",3557,0.707647058823529,0.760015025783289,0.692786731351676
"impute_median_num_impute_mode_fac","B",3561,0.669651741293532,0.675546749838849,0.771037449853811
"impute_median_num_impute_mode_fac","B",3626,0.857142857142857,0.852777777777778,0.913094905094905
"impute_median_num_impute_mode_fac","B",3675,0.663637406769937,0.740200141614095,0.674378032167949
"impute_median_num_impute_mode_fac","B",3704,0.818683651804671,0.88120235115778,0.754730982328203
"impute_median_num_impute_mode_fac","B",3719,0.954475806451613,0.981163040176198,0.960166997374005
"impute_median_num_impute_mode_fac","B",3722,0.794459380479252,0.861842342581459,0.843186072004771
"impute_median_num_impute_mode_fac","B",3761,0.735272727272727,0.83528253968254,0.698315684315684
"impute_median_num_impute_mode_fac","B",3793,0.651131152372532,0.700721817471214,0.606624137884346
"impute_median_num_impute_mode_fac","B",3807,0.8,0.797222222222222,0.756410128269199
"impute_median_num_impute_mode_fac","B",3852,0.672119801365611,0.823161751557476,0.660332982636271
"impute_median_num_impute_mode_fac","B",3856,0.883857667635287,0.976781764898892,0.859827249870938
"impute_median_num_impute_mode_fac","B",3865,0.75251837007348,0.73219168931113,0.78951697190519
"impute_median_num_impute_mode_fac","B",3870,0.790995670995671,0.85314578014578,0.746599731612519
"impute_median_num_impute_mode_fac","B",3871,0.617417543859649,0.630737176193878,0.440150887005817
"impute_median_num_impute_mode_fac","B",3881,0.805315284090764,0.785626192735169,0.848974049815587
"impute_median_num_impute_mode_fac","B",3886,0.945837269214255,0.960577118347339,0.807416680019897
"impute_median_num_impute_mode_fac","B",125920,0.6,0.599126649482651,0.680348105125596
"impute_median_num_impute_oor_fac","B",4,0.83,0.889900793650794,0.745118437118437
"impute_median_num_impute_oor_fac","B",25,0.73319511292114,0.741936923575781,0.794877988715778
"impute_median_num_impute_oor_fac","B",51,0.48,0.6,0.777777777777778
"impute_median_num_impute_oor_fac","B",54,0.823655913978495,0.80730241980242,0.544993346989145
"impute_median_num_impute_oor_fac","B",55,0.939310344827586,0.982725714693892,0.949951827280575
"impute_median_num_impute_oor_fac","B",3021,0.93727236636394,0.748376175802967,0.96756714502819
"impute_median_num_impute_oor_fac","B",3557,0.707647058823529,0.760015025783289,0.692786731351676
"impute_median_num_impute_oor_fac","B",3561,0.670839137645108,0.674676290782465,0.771910512185129
"impute_median_num_impute_oor_fac","B",3626,0.857142857142857,0.852777777777778,0.913094905094905
"impute_median_num_impute_oor_fac","B",3675,0.678468158347676,0.750661638261599,0.705995887771384
"impute_median_num_impute_oor_fac","B",3704,0.818683651804671,0.88120235115778,0.754730982328203
"impute_median_num_impute_oor_fac","B",3719,0.953225806451613,0.981163040176198,0.959236764815865
"impute_median_num_impute_oor_fac","B",3722,0.800350672121566,0.888281986821624,0.847715873853933
"impute_median_num_impute_oor_fac","B",3761,0.735272727272727,0.83528253968254,0.698315684315684
"impute_median_num_impute_oor_fac","B",3793,0.651131152372532,0.700721817471214,0.606624137884346
"impute_median_num_impute_oor_fac","B",3807,0.8,0.789121031746032,0.756410128269199
"impute_median_num_impute_oor_fac","B",3852,0.9451930477964,0.977735410662119,0.960915712755912
"impute_median_num_impute_oor_fac","B",3856,0.945376878605674,0.983494030563661,0.95223954957407
"impute_median_num_impute_oor_fac","B",3865,0.803660654642619,0.798547602545049,0.864603040566101
"impute_median_num_impute_oor_fac","B",3870,0.785281385281385,0.857844932844933,0.729218541587636
"impute_median_num_impute_oor_fac","B",3871,0.621621052631579,0.637804109112098,0.501013180857122
"impute_median_num_impute_oor_fac","B",3881,0.862031032180668,0.811911800581489,0.913404969305982
"impute_median_num_impute_oor_fac","B",3886,0.922423787033061,0.98672356442577,0.805101630184634
"impute_median_num_impute_oor_fac","B",125920,0.594,0.603025297245563,0.679283809256522
"impute_median_num_impute_sample_fac","B",4,0.741515151515151,0.763535714285714,0.698951048951049
"impute_median_num_impute_sample_fac","B",25,0.624790818215476,0.574913727450484,0.731169909869689
"impute_median_num_impute_sample_fac","B",54,0.819354838709678,0.807830206830207,0.537312223831691
"impute_median_num_impute_sample_fac","B",55,0.943908045977012,0.98302338819793,0.953884100831732
"impute_median_num_impute_sample_fac","B",3021,0.93727236636394,0.747840765728244,0.967564488261099
"impute_median_num_impute_sample_fac","B",3557,0.707647058823529,0.760015025783289,0.692786731351676
"impute_median_num_impute_sample_fac","B",3561,0.671438363736871,0.669956691541034,0.771833857587542
"impute_median_num_impute_sample_fac","B",3626,0.857142857142857,0.852777777777778,0.913094905094905
"impute_median_num_impute_sample_fac","B",3675,0.659810671256454,0.735905871977982,0.681811757710729
"impute_median_num_impute_sample_fac","B",3704,0.818683651804671,0.88120235115778,0.754730982328203
"impute_median_num_impute_sample_fac","B",3719,0.957016129032258,0.98145741247057,0.962435965176179
"impute_median_num_impute_sample_fac","B",3722,0.790344827586207,0.867616064092929,0.83942055507843
"impute_median_num_impute_sample_fac","B",3761,0.735272727272727,0.83528253968254,0.698315684315684
"impute_median_num_impute_sample_fac","B",3793,0.651131152372532,0.700721817471214,0.606624137884346
"impute_median_num_impute_sample_fac","B",3807,0.787692307692308,0.798936507936508,0.747482658078571
"impute_median_num_impute_sample_fac","B",3856,0.871092875868357,0.967143024488768,0.850875554717737
"impute_median_num_impute_sample_fac","B",3865,0.752732130928524,0.74268973859643,0.789793177295617
"impute_median_num_impute_sample_fac","B",3870,0.783463203463203,0.84746830946831,0.732781975760438
"impute_median_num_impute_sample_fac","B",3871,0.578526315789474,0.59022952966769,0.42776802892964
"impute_median_num_impute_sample_fac","B",3881,0.800181788417415,0.780071570310583,0.842220492742473
"impute_median_num_impute_sample_fac","B",3886,0.949647917561185,0.976084267040149,0.821367538865135
"impute_median_num_impute_sample_fac","B",125920,0.574,0.586481606886343,0.657655055175874
"impute_mode_num_impute_mode_fac","B",4,0.777878787878788,0.838234126984127,0.808652201321374
"impute_mode_num_impute_mode_fac","B",25,0.66081451314328,0.780478719557041,0.673546703195878
"impute_mode_num_impute_mode_fac","B",51,0.575,0.625,0.791666666666667
"impute_mode_num_impute_mode_fac","B",54,0.794838709677419,0.805699134199134,0.522079730016572
"impute_mode_num_impute_mode_fac","B",55,0.945747126436782,0.980973028471582,0.955412642263464
"impute_mode_num_impute_mode_fac","B",3021,0.966809001001282,0.958861467910633,0.982252752173908
"impute_mode_num_impute_mode_fac","B",3557,0.682941176470588,0.735462940419445,0.701125189325145
"impute_mode_num_impute_mode_fac","B",3561,0.669651741293532,0.675546749838849,0.771037449853811
"impute_mode_num_impute_mode_fac","B",3626,0.779047619047619,0.852777777777778,0.918160627251536
"impute_mode_num_impute_mode_fac","B",3675,0.646861732644865,0.725313013195586,0.646222148899527
"impute_mode_num_impute_mode_fac","B",3704,0.877248081006043,0.944988602953145,0.82458272273858
"impute_mode_num_impute_mode_fac","B",3719,0.954475806451613,0.981163040176198,0.960166997374005
"impute_mode_num_impute_mode_fac","B",3722,0.797229690239626,0.863309402194219,0.843830292286872
"impute_mode_num_impute_mode_fac","B",3761,0.753090909090909,0.813530158730159,0.708225225754638
"impute_mode_num_impute_mode_fac","B",3793,0.714106690244621,0.787782919433552,0.705407358992091
"impute_mode_num_impute_mode_fac","B",3807,0.764615384615385,0.847049603174603,0.745690327475388
"impute_mode_num_impute_mode_fac","B",3852,0.672119801365611,0.823161751557476,0.660332982636271
"impute_mode_num_impute_mode_fac","B",3856,0.883857667635287,0.976781764898892,0.859827249870938
"impute_mode_num_impute_mode_fac","B",3865,0.75251837007348,0.73219168931113,0.78951697190519
"impute_mode_num_impute_mode_fac","B",3870,0.777575757575758,0.85742217042217,0.742995406790803
"impute_mode_num_impute_mode_fac","B",3871,0.617417543859649,0.630737176193878,0.440150887005817
"impute_mode_num_impute_mode_fac","B",3881,0.805315284090764,0.785626192735169,0.848974049815587
"impute_mode_num_impute_mode_fac","B",3886,0.945837269214255,0.960577118347339,0.807416680019897
"impute_mode_num_impute_mode_fac","B",125920,0.6,0.599126649482651,0.680348105125596
"impute_mode_num_impute_oor_fac","B",4,0.815757575757576,0.901081349206349,0.753392869525593
"impute_mode_num_impute_oor_fac","B",25,0.807360236949278,0.883414562475099,0.835065122879994
"impute_mode_num_impute_oor_fac","B",51,0.48,0.6,0.777777777777778
"impute_mode_num_impute_oor_fac","B",54,0.8,0.830794329127662,0.520266893600227
"impute_mode_num_impute_oor_fac","B",55,0.939310344827586,0.982725714693892,0.949951827280575
"impute_mode_num_impute_oor_fac","B",3021,0.966649920073076,0.958825999215169,0.98216644874064
"impute_mode_num_impute_oor_fac","B",3557,0.682941176470588,0.735462940419445,0.701125189325145
"impute_mode_num_impute_oor_fac","B",3561,0.670839137645108,0.674676290782465,0.771910512185129
"impute_mode_num_impute_oor_fac","B",3626,0.779047619047619,0.852777777777778,0.918160627251536
"impute_mode_num_impute_oor_fac","B",3675,0.659271371199082,0.738764737480594,0.671181712310993
"impute_mode_num_impute_oor_fac","B",3704,0.877248081006043,0.944988602953145,0.82458272273858
"impute_mode_num_impute_oor_fac","B",3719,0.953225806451613,0.981163040176198,0.959236764815865
"impute_mode_num_impute_oor_fac","B",3722,0.812838496006234,0.886495336612458,0.855546627017479
"impute_mode_num_impute_oor_fac","B",3761,0.753090909090909,0.813530158730159,0.708225225754638
"impute_mode_num_impute_oor_fac","B",3793,0.714106690244621,0.787782919433552,0.705407358992091
"impute_mode_num_impute_oor_fac","B",3807,0.766153846153846,0.849740079365079,0.747075608860669
"impute_mode_num_impute_oor_fac","B",3852,0.9451930477964,0.977735410662119,0.960915712755912
"impute_mode_num_impute_oor_fac","B",3856,0.945376878605674,0.983494030563661,0.95223954957407
"impute_mode_num_impute_oor_fac","B",3865,0.803660654642619,0.798547602545049,0.864603040566101
"impute_mode_num_impute_oor_fac","B",3870,0.778499278499278,0.864370876037543,0.740707313937448
"impute_mode_num_impute_oor_fac","B",3871,0.621621052631579,0.637804109112098,0.501013180857122
"impute_mode_num_impute_oor_fac","B",3881,0.862031032180668,0.811911800581489,0.913404969305982
"impute_mode_num_impute_oor_fac","B",3886,0.922423787033061,0.98672356442577,0.805101630184634
"impute_mode_num_impute_oor_fac","B",125920,0.594,0.603025297245563,0.679283809256522
"impute_mode_num_impute_sample_fac","B",4,0.844545454545454,0.90314880952381,0.822964720178343
"impute_mode_num_impute_sample_fac","B",25,0.720777489818586,0.809157213899359,0.745754438195957
"impute_mode_num_impute_sample_fac","B",54,0.794838709677419,0.799913919413919,0.511101523038365
"impute_mode_num_impute_sample_fac","B",55,0.943908045977012,0.98302338819793,0.953884100831732
"impute_mode_num_impute_sample_fac","B",3021,0.967021272858222,0.958837926626461,0.98236469905704
"impute_mode_num_impute_sample_fac","B",3557,0.682941176470588,0.735462940419445,0.701125189325145
"impute_mode_num_impute_sample_fac","B",3561,0.671438363736871,0.669956691541034,0.771833857587542
"impute_mode_num_impute_sample_fac","B",3626,0.779047619047619,0.852777777777778,0.918160627251536
"impute_mode_num_impute_sample_fac","B",3675,0.646385542168675,0.72272741577357,0.654720253194575
"impute_mode_num_impute_sample_fac","B",3704,0.877248081006043,0.944988602953145,0.82458272273858
"impute_mode_num_impute_sample_fac","B",3719,0.957016129032258,0.98145741247057,0.962435965176179
"impute_mode_num_impute_sample_fac","B",3722,0.802548217416715,0.865423827163926,0.847132124484873
"impute_mode_num_impute_sample_fac","B",3761,0.753090909090909,0.813530158730159,0.708225225754638
"impute_mode_num_impute_sample_fac","B",3793,0.714106690244621,0.787782919433552,0.705407358992091
"impute_mode_num_impute_sample_fac","B",3807,0.770769230769231,0.843212301587302,0.752665749931246
"impute_mode_num_impute_sample_fac","B",3856,0.871092875868357,0.967143024488768,0.850875554717737
"impute_mode_num_impute_sample_fac","B",3865,0.752732130928524,0.74268973859643,0.789793177295617
"impute_mode_num_impute_sample_fac","B",3870,0.781471861471862,0.854235468235468,0.741003644854769
"impute_mode_num_impute_sample_fac","B",3871,0.578526315789474,0.59022952966769,0.42776802892964
"impute_mode_num_impute_sample_fac","B",3881,0.800181788417415,0.780071570310583,0.842220492742473
"impute_mode_num_impute_sample_fac","B",3886,0.949647917561185,0.976084267040149,0.821367538865135
"impute_mode_num_impute_sample_fac","B",125920,0.574,0.586481606886343,0.657655055175874
"impute_oor_num_impute_mode_fac","B",4,0.763636363636364,0.835359126984127,0.746801736275421
"impute_oor_num_impute_mode_fac","B",25,0.731181044057756,0.803316220071638,0.770449268730982
"impute_oor_num_impute_mode_fac","B",51,0.575,0.625,0.791666666666667
"impute_oor_num_impute_mode_fac","B",54,0.815483870967742,0.790422022422023,0.51344511969512
"impute_oor_num_impute_mode_fac","B",55,0.945747126436782,0.980973028471582,0.955412642263464
"impute_oor_num_impute_mode_fac","B",3021,0.889451262142744,0.919048409323434,0.927109292107214
"impute_oor_num_impute_mode_fac","B",3557,0.665294117647059,0.708331886758838,0.688008056327657
"impute_oor_num_impute_mode_fac","B",3561,0.669651741293532,0.675546749838849,0.771037449853811
"impute_oor_num_impute_mode_fac","B",3626,0.836190476190476,0.852777777777778,0.921012321012321
"impute_oor_num_impute_mode_fac","B",3675,0.665966724039013,0.743287580503034,0.68788022549302
"impute_oor_num_impute_mode_fac","B",3704,0.841157929119713,0.90175824041337,0.790615873164209
"impute_oor_num_impute_mode_fac","B",3719,0.954475806451613,0.981163040176198,0.960166997374005
"impute_oor_num_impute_mode_fac","B",3722,0.793138515488019,0.857875895136589,0.84136481168902
"impute_oor_num_impute_mode_fac","B",3761,0.729090909090909,0.839866666666667,0.694102564102564
"impute_oor_num_impute_mode_fac","B",3793,0.712127320954907,0.781902612863173,0.694891565821829
"impute_oor_num_impute_mode_fac","B",3807,0.763076923076923,0.843220238095238,0.745585752872912
"impute_oor_num_impute_mode_fac","B",3852,0.672119801365611,0.823161751557476,0.660332982636271
"impute_oor_num_impute_mode_fac","B",3856,0.883857667635287,0.976781764898892,0.859827249870938
"impute_oor_num_impute_mode_fac","B",3865,0.75251837007348,0.73219168931113,0.78951697190519
"impute_oor_num_impute_mode_fac","B",3870,0.766493506493507,0.845723646723647,0.719406645821237
"impute_oor_num_impute_mode_fac","B",3871,0.617417543859649,0.630737176193878,0.440150887005817
"impute_oor_num_impute_mode_fac","B",3881,0.805315284090764,0.785626192735169,0.848974049815587
"impute_oor_num_impute_mode_fac","B",3886,0.945837269214255,0.960577118347339,0.807416680019897
"impute_oor_num_impute_mode_fac","B",125920,0.6,0.599126649482651,0.680348105125596
"impute_oor_num_impute_oor_fac","B",4,0.83,0.915367063492063,0.74073026973027
"impute_oor_num_impute_oor_fac","B",25,0.824857460199926,0.87228042464407,0.865276865479246
"impute_oor_num_impute_oor_fac","B",51,0.48,0.6,0.777777777777778
"impute_oor_num_impute_oor_fac","B",54,0.808602150537635,0.787245193078526,0.501186591186591
"impute_oor_num_impute_oor_fac","B",55,0.939310344827586,0.982725714693892,0.949951827280575
"impute_oor_num_impute_oor_fac","B",3021,0.889451262142744,0.919054383159533,0.927090761417188
"impute_oor_num_impute_oor_fac","B",3557,0.665294117647059,0.708331886758838,0.688008056327657
"impute_oor_num_impute_oor_fac","B",3561,0.670839137645108,0.674676290782465,0.771910512185129
"impute_oor_num_impute_oor_fac","B",3626,0.836190476190476,0.852777777777778,0.921012321012321
"impute_oor_num_impute_oor_fac","B",3675,0.674566838783706,0.74877053619711,0.703574656788899
"impute_oor_num_impute_oor_fac","B",3704,0.841157929119713,0.90175824041337,0.790615873164209
"impute_oor_num_impute_oor_fac","B",3719,0.953225806451613,0.981163040176198,0.959236764815865
"impute_oor_num_impute_oor_fac","B",3722,0.809429183713228,0.886648797005133,0.852938765778044
"impute_oor_num_impute_oor_fac","B",3761,0.729090909090909,0.839866666666667,0.694102564102564
"impute_oor_num_impute_oor_fac","B",3793,0.712127320954907,0.781902612863173,0.694891565821829
"impute_oor_num_impute_oor_fac","B",3807,0.763076923076923,0.844267857142857,0.746717768683189
"impute_oor_num_impute_oor_fac","B",3852,0.9451930477964,0.977735410662119,0.960915712755912
"impute_oor_num_impute_oor_fac","B",3856,0.945376878605674,0.983494030563661,0.95223954957407
"impute_oor_num_impute_oor_fac","B",3865,0.803660654642619,0.798547602545049,0.864603040566101
"impute_oor_num_impute_oor_fac","B",3870,0.756565656565657,0.851410379743713,0.704513631077099
"impute_oor_num_impute_oor_fac","B",3871,0.621621052631579,0.637804109112098,0.501013180857122
"impute_oor_num_impute_oor_fac","B",3881,0.862031032180668,0.811911800581489,0.913404969305982
"impute_oor_num_impute_oor_fac","B",3886,0.922423787033061,0.98672356442577,0.805101630184634
"impute_oor_num_impute_oor_fac","B",125920,0.594,0.603025297245563,0.679283809256522
"impute_oor_num_impute_sample_fac","B",4,0.788787878787879,0.857394841269841,0.655617877492877
"impute_oor_num_impute_sample_fac","B",25,0.774764901888189,0.83923519223898,0.82633350777595
"impute_oor_num_impute_sample_fac","B",54,0.814193548387097,0.795115995115995,0.518174418174418
"impute_oor_num_impute_sample_fac","B",55,0.943908045977012,0.98302338819793,0.953884100831732
"impute_oor_num_impute_sample_fac","B",3021,0.889610343070951,0.919038586765582,0.927197930824496
"impute_oor_num_impute_sample_fac","B",3557,0.665294117647059,0.708331886758838,0.688008056327657
"impute_oor_num_impute_sample_fac","B",3561,0.671438363736871,0.669956691541034,0.771833857587542
"impute_oor_num_impute_sample_fac","B",3626,0.836190476190476,0.852777777777778,0.921012321012321
"impute_oor_num_impute_sample_fac","B",3675,0.668370625358577,0.741231630360524,0.695447068652936
"impute_oor_num_impute_sample_fac","B",3704,0.841157929119713,0.90175824041337,0.790615873164209
"impute_oor_num_impute_sample_fac","B",3719,0.957016129032258,0.98145741247057,0.962435965176179
"impute_oor_num_impute_sample_fac","B",3722,0.798492109877265,0.860536322062591,0.844434777234567
"impute_oor_num_impute_sample_fac","B",3761,0.729090909090909,0.839866666666667,0.694102564102564
"impute_oor_num_impute_sample_fac","B",3793,0.712127320954907,0.781902612863173,0.694891565821829
"impute_oor_num_impute_sample_fac","B",3807,0.769230769230769,0.837636904761905,0.752609052152694
"impute_oor_num_impute_sample_fac","B",3856,0.871092875868357,0.967143024488768,0.850875554717737
"impute_oor_num_impute_sample_fac","B",3865,0.752732130928524,0.74268973859643,0.789793177295617
"impute_oor_num_impute_sample_fac","B",3870,0.772294372294372,0.842602212602213,0.718679721558709
"impute_oor_num_impute_sample_fac","B",3871,0.578526315789474,0.59022952966769,0.42776802892964
"impute_oor_num_impute_sample_fac","B",3881,0.800181788417415,0.780071570310583,0.842220492742473
"impute_oor_num_impute_sample_fac","B",3886,0.949647917561185,0.976084267040149,0.821367538865135
"impute_oor_num_impute_sample_fac","B",125920,0.574,0.586481606886343,0.657655055175874
"impute_sample_num_impute_mode_fac","B",4,0.748787878787879,0.807648809523809,0.757867644051855
"impute_sample_num_impute_mode_fac","B",25,0.651203258052573,0.707612381664256,0.697933049694663
"impute_sample_num_impute_mode_fac","B",51,0.575,0.625,0.791666666666667
"impute_sample_num_impute_mode_fac","B",54,0.815483870967742,0.77078872978873,0.485963506522717
"impute_sample_num_impute_mode_fac","B",55,0.945747126436782,0.980973028471582,0.955412642263464
"impute_sample_num_impute_mode_fac","B",3021,0.963627241906301,0.954889182092777,0.980551911021753
"impute_sample_num_impute_mode_fac","B",3557,0.687647058823529,0.737862242569572,0.710090027490548
"impute_sample_num_impute_mode_fac","B",3561,0.669651741293532,0.675546749838849,0.771037449853811
"impute_sample_num_impute_mode_fac","B",3626,0.85047619047619,0.855555555555556,0.913348873348873
"impute_sample_num_impute_mode_fac","B",3675,0.675146299483649,0.744717395590022,0.692425007548371
"impute_sample_num_impute_mode_fac","B",3704,0.885412379552507,0.94365454736968,0.835837447677155
"impute_sample_num_impute_mode_fac","B",3719,0.954475806451613,0.981163040176198,0.960166997374005
"impute_sample_num_impute_mode_fac","B",3722,0.793138515488019,0.86347242229951,0.840815530885308
"impute_sample_num_impute_mode_fac","B",3761,0.766181818181818,0.817688888888889,0.7359000999001
"impute_sample_num_impute_mode_fac","B",3793,0.718723843206602,0.792686837230295,0.7150462947912
"impute_sample_num_impute_mode_fac","B",3807,0.764615384615385,0.840305555555556,0.746078897276401
"impute_sample_num_impute_mode_fac","B",3852,0.672119801365611,0.823161751557476,0.660332982636271
"impute_sample_num_impute_mode_fac","B",3856,0.883857667635287,0.976781764898892,0.859827249870938
"impute_sample_num_impute_mode_fac","B",3865,0.75251837007348,0.73219168931113,0.78951697190519
"impute_sample_num_impute_mode_fac","B",3870,0.781558441558442,0.852026233026233,0.737456888096274
"impute_sample_num_impute_mode_fac","B",3871,0.617417543859649,0.630737176193878,0.440150887005817
"impute_sample_num_impute_mode_fac","B",3881,0.805315284090764,0.785626192735169,0.848974049815587
"impute_sample_num_impute_mode_fac","B",3886,0.945837269214255,0.960577118347339,0.807416680019897
"impute_sample_num_impute_mode_fac","B",125920,0.6,0.599126649482651,0.680348105125596
"impute_sample_num_impute_oor_fac","B",4,0.84,0.915972222222222,0.789865390600685
"impute_sample_num_impute_oor_fac","B",25,0.811321732691596,0.854167639175873,0.854293598670649
"impute_sample_num_impute_oor_fac","B",51,0.48,0.6,0.777777777777778
"impute_sample_num_impute_oor_fac","B",54,0.808602150537635,0.806712978379645,0.471131461131461
"impute_sample_num_impute_oor_fac","B",55,0.939310344827586,0.982725714693892,0.949951827280575
"impute_sample_num_impute_oor_fac","B",3021,0.963733202171202,0.954849986185346,0.980608962123446
"impute_sample_num_impute_oor_fac","B",3557,0.687647058823529,0.737862242569572,0.710090027490548
"impute_sample_num_impute_oor_fac","B",3561,0.670839137645108,0.674676290782465,0.771910512185129
"impute_sample_num_impute_oor_fac","B",3626,0.85047619047619,0.855555555555556,0.913348873348873
"impute_sample_num_impute_oor_fac","B",3675,0.677022375215146,0.746428940872222,0.705518204128285
"impute_sample_num_impute_oor_fac","B",3704,0.885412379552507,0.94365454736968,0.835837447677155
"impute_sample_num_impute_oor_fac","B",3719,0.953225806451613,0.981163040176198,0.959236764815865
"impute_sample_num_impute_oor_fac","B",3722,0.808318721994935,0.883444176673336,0.851005974920015
"impute_sample_num_impute_oor_fac","B",3761,0.766181818181818,0.817688888888889,0.7359000999001
"impute_sample_num_impute_oor_fac","B",3793,0.718723843206602,0.792686837230295,0.7150462947912
"impute_sample_num_impute_oor_fac","B",3807,0.767692307692308,0.842900793650794,0.750806170003674
"impute_sample_num_impute_oor_fac","B",3852,0.9451930477964,0.977735410662119,0.960915712755912
"impute_sample_num_impute_oor_fac","B",3856,0.945376878605674,0.983494030563661,0.95223954957407
"impute_sample_num_impute_oor_fac","B",3865,0.803660654642619,0.798547602545049,0.864603040566101
"impute_sample_num_impute_oor_fac","B",3870,0.772438672438672,0.854961643294977,0.716495776176083
"impute_sample_num_impute_oor_fac","B",3871,0.621621052631579,0.637804109112098,0.501013180857122
"impute_sample_num_impute_oor_fac","B",3881,0.862031032180668,0.811911800581489,0.913404969305982
"impute_sample_num_impute_oor_fac","B",3886,0.922423787033061,0.98672356442577,0.805101630184634
"impute_sample_num_impute_oor_fac","B",125920,0.594,0.603025297245563,0.679283809256522
"impute_sample_num_impute_sample_fac","B",4,0.831212121212121,0.896188492063492,0.759044312169312
"impute_sample_num_impute_sample_fac","B",25,0.668152536097742,0.730391212486825,0.739220440216238
"impute_sample_num_impute_sample_fac","B",54,0.824516129032258,0.761861064861065,0.535556885270844
"impute_sample_num_impute_sample_fac","B",55,0.943908045977012,0.98302338819793,0.953884100831732
"impute_sample_num_impute_sample_fac","B",3021,0.963468512305233,0.952824267471852,0.980475262575931
"impute_sample_num_impute_sample_fac","B",3557,0.687647058823529,0.737862242569572,0.710090027490548
"impute_sample_num_impute_sample_fac","B",3561,0.671438363736871,0.669956691541034,0.771833857587542
"impute_sample_num_impute_sample_fac","B",3626,0.85047619047619,0.855555555555556,0.913348873348873
"impute_sample_num_impute_sample_fac","B",3675,0.657946069994263,0.729186816968596,0.679246469103598
"impute_sample_num_impute_sample_fac","B",3704,0.885412379552507,0.94365454736968,0.835837447677155
"impute_sample_num_impute_sample_fac","B",3719,0.957016129032258,0.98145741247057,0.962435965176179
"impute_sample_num_impute_sample_fac","B",3722,0.805341905318527,0.857976820315698,0.848597679172509
"impute_sample_num_impute_sample_fac","B",3761,0.766181818181818,0.817688888888889,0.7359000999001
"impute_sample_num_impute_sample_fac","B",3793,0.718723843206602,0.792686837230295,0.7150462947912
"impute_sample_num_impute_sample_fac","B",3807,0.764615384615385,0.831234126984127,0.747856930499947
"impute_sample_num_impute_sample_fac","B",3856,0.871092875868357,0.967143024488768,0.850875554717737
"impute_sample_num_impute_sample_fac","B",3865,0.752732130928524,0.74268973859643,0.789793177295617
"impute_sample_num_impute_sample_fac","B",3870,0.768051948051948,0.842212158212158,0.717010960906102
"impute_sample_num_impute_sample_fac","B",3871,0.578526315789474,0.59022952966769,0.42776802892964
"impute_sample_num_impute_sample_fac","B",3881,0.800181788417415,0.780071570310583,0.842220492742473
"impute_sample_num_impute_sample_fac","B",3886,0.949647917561185,0.976084267040149,0.821367538865135
"impute_sample_num_impute_sample_fac","B",125920,0.574,0.586481606886343,0.657655055175874
"imputehist_num_imputemode_fac","A",4,0.867575757575757,0.909827380952381,0.813707241832242
"imputehist_num_imputemode_fac","A",25,0.729781562384302,0.782151925464158,0.791387692434206
"imputehist_num_imputemode_fac","A",51,0.48,0.6,0.777777777777778
"imputehist_num_imputemode_fac","A",54,0.816774193548387,0.780159766159766,0.476990552962689
"imputehist_num_imputemode_fac","A",55,0.947126436781609,0.981104513544244,0.956778915088383
"imputehist_num_imputemode_fac","A",3021,0.963521141110545,0.951981666635326,0.980507150149638
"imputehist_num_imputemode_fac","A",3557,0.674705882352941,0.735374513947801,0.701912601930625
"imputehist_num_imputemode_fac","A",3561,0.669651741293532,0.675546749838849,0.771037449853811
"imputehist_num_imputemode_fac","A",3626,0.856190476190476,0.825555555555555,0.911808191808192
"imputehist_num_imputemode_fac","A",3675,0.665983935742972,0.739815973162821,0.688483051379742
"imputehist_num_imputemode_fac","A",3704,0.891798138167565,0.947994236638622,0.844548942063346
"imputehist_num_imputemode_fac","A",3719,0.954475806451613,0.981163040176198,0.960166997374005
"imputehist_num_imputemode_fac","A",3722,0.81281122150789,0.86954969419496,0.856390768074608
"imputehist_num_imputemode_fac","A",3761,0.750545454545454,0.804403174603175,0.702578088578089
"imputehist_num_imputemode_fac","A",3793,0.71441615089891,0.783586152162554,0.712322702878895
"imputehist_num_imputemode_fac","A",3807,0.773846153846154,0.843974206349206,0.750022702731323
"imputehist_num_imputemode_fac","A",3852,0.827186840471757,0.920745388440952,0.862143446369718
"imputehist_num_imputemode_fac","A",3856,0.883857667635287,0.976781764898892,0.859827249870938
"imputehist_num_imputemode_fac","A",3865,0.75251837007348,0.73219168931113,0.78951697190519
"imputehist_num_imputemode_fac","A",3870,0.786926406926407,0.85880167980168,0.744779476487378
"imputehist_num_imputemode_fac","A",3871,0.603740350877193,0.629975972682917,0.433786790161857
"imputehist_num_imputemode_fac","A",3881,0.805383119025755,0.793149188173865,0.848929994194141
"imputehist_num_imputemode_fac","A",3886,0.945837269214255,0.960577118347339,0.807416680019897
"imputehist_num_imputemode_fac","A",125920,0.6004,0.598934572651918,0.681024711777259
"imputehist_num_imputeoor_fac","A",4,0.838484848484848,0.900005952380952,0.756158841158841
"imputehist_num_imputeoor_fac","A",25,0.808485746019993,0.841209060800162,0.850200621726101
"imputehist_num_imputeoor_fac","A",51,0.48,0.6,0.777777777777778
"imputehist_num_imputeoor_fac","A",54,0.812903225806452,0.819431062764396,0.526607810956551
"imputehist_num_imputeoor_fac","A",55,0.939310344827586,0.982725714693892,0.949951827280575
"imputehist_num_imputeoor_fac","A",3021,0.963574121242995,0.951917662993295,0.980534262988426
"imputehist_num_imputeoor_fac","A",3557,0.674705882352941,0.735374513947801,0.701912601930625
"imputehist_num_imputeoor_fac","A",3561,0.670839137645108,0.674676290782465,0.771910512185129
"imputehist_num_imputeoor_fac","A",3626,0.856190476190476,0.825555555555555,0.911808191808192
"imputehist_num_imputeoor_fac","A",3675,0.673608720596672,0.742345994576548,0.699005389946462
"imputehist_num_imputeoor_fac","A",3704,0.891798138167565,0.947994236638622,0.844548942063346
"imputehist_num_imputeoor_fac","A",3719,0.953225806451613,0.981163040176198,0.959236764815865
"imputehist_num_imputeoor_fac","A",3722,0.812819014221703,0.885491474261422,0.855508402685541
"imputehist_num_imputeoor_fac","A",3761,0.750545454545454,0.804403174603175,0.702578088578089
"imputehist_num_imputeoor_fac","A",3793,0.71441615089891,0.783586152162554,0.712322702878895
"imputehist_num_imputeoor_fac","A",3807,0.772307692307692,0.844559523809524,0.750124776096554
"imputehist_num_imputeoor_fac","A",3852,0.9451930477964,0.977735410662119,0.960915712755912
"imputehist_num_imputeoor_fac","A",3856,0.945376878605674,0.983494030563661,0.95223954957407
"imputehist_num_imputeoor_fac","A",3865,0.803660654642619,0.798547602545049,0.864603040566101
"imputehist_num_imputeoor_fac","A",3870,0.765945165945166,0.869395111061778,0.719661663523556
"imputehist_num_imputeoor_fac","A",3871,0.621621052631579,0.637804109112098,0.501013180857122
"imputehist_num_imputeoor_fac","A",3881,0.862031032180668,0.811911800581489,0.913404969305982
"imputehist_num_imputeoor_fac","A",3886,0.922423787033061,0.98672356442577,0.805101630184634
"imputehist_num_imputeoor_fac","A",125920,0.594,0.603025297245563,0.679283809256522
"imputehist_num_imputesample_fac","A",4,0.83060606060606,0.855980158730159,0.767741444403849
"imputehist_num_imputesample_fac","A",25,0.656675305442429,0.717229046873076,0.73774257410364
"imputehist_num_imputesample_fac","A",51,0.42,0.6,0.740740740740741
"imputehist_num_imputesample_fac","A",54,0.820645161290323,0.788663336663337,0.498085046704242
"imputehist_num_imputesample_fac","A",55,0.946206896551724,0.983015942484602,0.95590026229842
"imputehist_num_imputesample_fac","A",3021,0.963414829518506,0.953434283812737,0.980445291334785
"imputehist_num_imputesample_fac","A",3557,0.674705882352941,0.735374513947801,0.701912601930625
"imputehist_num_imputesample_fac","A",3561,0.669653952459923,0.669993912379762,0.771141801249253
"imputehist_num_imputesample_fac","A",3626,0.856190476190476,0.825555555555555,0.911808191808192
"imputehist_num_imputesample_fac","A",3675,0.676528973034997,0.744498147296647,0.700512891232207
"imputehist_num_imputesample_fac","A",3704,0.891798138167565,0.947994236638622,0.844548942063346
"imputehist_num_imputesample_fac","A",3719,0.957016129032258,0.98145741247057,0.962435965176179
"imputehist_num_imputesample_fac","A",3722,0.802583284628872,0.866376709310278,0.847373484562686
"imputehist_num_imputesample_fac","A",3761,0.750545454545454,0.804403174603175,0.702578088578089
"imputehist_num_imputesample_fac","A",3793,0.71441615089891,0.783586152162554,0.712322702878895
"imputehist_num_imputesample_fac","A",3807,0.775384615384615,0.836978174603175,0.752994175561044
"imputehist_num_imputesample_fac","A",3852,0.794218497827436,0.875632502937,0.840749761130907
"imputehist_num_imputesample_fac","A",3856,0.871263836345804,0.96708840815855,0.851041060056348
"imputehist_num_imputesample_fac","A",3865,0.752678690714763,0.742753118132209,0.789692852881341
"imputehist_num_imputesample_fac","A",3870,0.785281385281385,0.852822547822548,0.744264125189956
"imputehist_num_imputesample_fac","A",3871,0.579501754385965,0.592958332166057,0.436999867647908
"imputehist_num_imputesample_fac","A",3881,0.800294872221185,0.78019870605243,0.84233657650821
"imputehist_num_imputesample_fac","A",3886,0.949061829111207,0.97568268557423,0.819689478029179
"imputehist_num_imputesample_fac","A",125920,0.5696,0.577006160314968,0.653562274304418
"imputemean_num_imputemode_fac","A",4,0.877575757575758,0.941835317460317,0.840799362674363
"imputemean_num_imputemode_fac","A",25,0.787315808959645,0.850449691916624,0.836465754817287
"imputemean_num_imputemode_fac","A",51,0.48,0.6,0.777777777777778
"imputemean_num_imputemode_fac","A",54,0.818064516129032,0.802219706219706,0.531249130985973
"imputemean_num_imputemode_fac","A",55,0.947126436781609,0.981104513544244,0.956778915088383
"imputemean_num_imputemode_fac","A",3021,0.966861910868305,0.959315423403041,0.982280309272858
"imputemean_num_imputemode_fac","A",3557,0.687647058823529,0.74375429014444,0.716099692402934
"imputemean_num_imputemode_fac","A",3561,0.669651741293532,0.675546749838849,0.771037449853811
"imputemean_num_imputemode_fac","A",3626,0.857142857142857,0.839444444444444,0.930451955451955
"imputemean_num_imputemode_fac","A",3675,0.67942627653471,0.748962725979231,0.702115311318714
"imputemean_num_imputemode_fac","A",3704,0.892569002123142,0.945468532377746,0.845752067218506
"imputemean_num_imputemode_fac","A",3719,0.954475806451613,0.981163040176198,0.960166997374005
"imputemean_num_imputemode_fac","A",3722,0.810812390414962,0.869922535921866,0.855045944519484
"imputemean_num_imputemode_fac","A",3761,0.793090909090909,0.884622222222222,0.755641247641248
"imputemean_num_imputemode_fac","A",3793,0.72286236368995,0.80174130960678,0.723975188900873
"imputemean_num_imputemode_fac","A",3807,0.756923076923077,0.839226190476191,0.736705661899418
"imputemean_num_imputemode_fac","A",3852,0.827186840471757,0.920745388440952,0.862143446369718
"imputemean_num_imputemode_fac","A",3856,0.883857667635287,0.976781764898892,0.859827249870938
"imputemean_num_imputemode_fac","A",3865,0.75251837007348,0.73219168931113,0.78951697190519
"imputemean_num_imputemode_fac","A",3870,0.783290043290043,0.856063751063751,0.74132442720678
"imputemean_num_imputemode_fac","A",3871,0.603740350877193,0.629975972682917,0.433786790161857
"imputemean_num_imputemode_fac","A",3881,0.805383119025755,0.793149188173865,0.848929994194141
"imputemean_num_imputemode_fac","A",3886,0.945837269214255,0.960577118347339,0.807416680019897
"imputemean_num_imputemode_fac","A",125920,0.6004,0.598934572651918,0.681024711777259
"imputemean_num_imputeoor_fac","A",4,0.854848484848485,0.924791666666667,0.809433621933622
"imputemean_num_imputeoor_fac","A",25,0.809144761199556,0.872606534521428,0.854342741924409
"imputemean_num_imputeoor_fac","A",51,0.48,0.6,0.777777777777778
"imputemean_num_imputeoor_fac","A",54,0.823655913978495,0.829200305866973,0.535500318395055
"imputemean_num_imputeoor_fac","A",55,0.939310344827586,0.982725714693892,0.949951827280575
"imputemean_num_imputeoor_fac","A",3021,0.966861981133733,0.959275457218874,0.982277217989858
"imputemean_num_imputeoor_fac","A",3557,0.687647058823529,0.74375429014444,0.716099692402934
"imputemean_num_imputeoor_fac","A",3561,0.670839137645108,0.674676290782465,0.771910512185129
"imputemean_num_imputeoor_fac","A",3626,0.857142857142857,0.839444444444444,0.930451955451955
"imputemean_num_imputeoor_fac","A",3675,0.673614457831325,0.749914006774289,0.702405754872699
"imputemean_num_imputeoor_fac","A",3704,0.892569002123142,0.945468532377746,0.845752067218506
"imputemean_num_imputeoor_fac","A",3719,0.953225806451613,0.981163040176198,0.959236764815865
"imputemean_num_imputeoor_fac","A",3722,0.812838496006234,0.886661138478813,0.855546627017479
"imputemean_num_imputeoor_fac","A",3761,0.793090909090909,0.884622222222222,0.755641247641248
"imputemean_num_imputeoor_fac","A",3793,0.72286236368995,0.80174130960678,0.723975188900873
"imputemean_num_imputeoor_fac","A",3807,0.758461538461538,0.843154761904762,0.741708472182588
"imputemean_num_imputeoor_fac","A",3852,0.9451930477964,0.977735410662119,0.960915712755912
"imputemean_num_imputeoor_fac","A",3856,0.945376878605674,0.983494030563661,0.95223954957407
"imputemean_num_imputeoor_fac","A",3865,0.803660654642619,0.798547602545049,0.864603040566101
"imputemean_num_imputeoor_fac","A",3870,0.769119769119769,0.870851925851926,0.716784984806253
"imputemean_num_imputeoor_fac","A",3871,0.621621052631579,0.637804109112098,0.501013180857122
"imputemean_num_imputeoor_fac","A",3881,0.862031032180668,0.811911800581489,0.913404969305982
"imputemean_num_imputeoor_fac","A",3886,0.922423787033061,0.98672356442577,0.805101630184634
"imputemean_num_imputeoor_fac","A",125920,0.594,0.603025297245563,0.679283809256522
"imputemean_num_imputesample_fac","A",4,0.866363636363636,0.911353174603175,0.823301059554256
"imputemean_num_imputesample_fac","A",25,0.760111069974084,0.832037017707132,0.818093828256142
"imputemean_num_imputesample_fac","A",51,0.42,0.6,0.740740740740741
"imputemean_num_imputesample_fac","A",54,0.823225806451613,0.795724867724868,0.542859298596141
"imputemean_num_imputesample_fac","A",55,0.946206896551724,0.983015942484602,0.95590026229842
"imputemean_num_imputesample_fac","A",3021,0.967339294183779,0.959417918618718,0.982534693292252
"imputemean_num_imputesample_fac","A",3557,0.687647058823529,0.74375429014444,0.716099692402934
"imputemean_num_imputesample_fac","A",3561,0.669653952459923,0.669993912379762,0.771141801249253
"imputemean_num_imputesample_fac","A",3626,0.857142857142857,0.839444444444444,0.930451955451955
"imputemean_num_imputesample_fac","A",3675,0.668439472174412,0.738430113214395,0.692027606907754
"imputemean_num_imputesample_fac","A",3704,0.892569002123142,0.945468532377746,0.845752067218506
"imputemean_num_imputesample_fac","A",3719,0.957016129032258,0.98145741247057,0.962435965176179
"imputemean_num_imputesample_fac","A",3722,0.802571595558153,0.865072151060154,0.84678040176107
"imputemean_num_imputesample_fac","A",3761,0.793090909090909,0.884622222222222,0.755641247641248
"imputemean_num_imputesample_fac","A",3793,0.72286236368995,0.80174130960678,0.723975188900873
"imputemean_num_imputesample_fac","A",3807,0.761538461538462,0.838297619047619,0.742570951748468
"imputemean_num_imputesample_fac","A",3852,0.794218497827436,0.875632502937,0.840749761130907
"imputemean_num_imputesample_fac","A",3856,0.871263836345804,0.96708840815855,0.851041060056348
"imputemean_num_imputesample_fac","A",3865,0.752678690714763,0.742753118132209,0.789692852881341
"imputemean_num_imputesample_fac","A",3870,0.792813852813853,0.868906500906501,0.748458109665271
"imputemean_num_imputesample_fac","A",3871,0.579501754385965,0.592958332166057,0.436999867647908
"imputemean_num_imputesample_fac","A",3881,0.800294872221185,0.78019870605243,0.84233657650821
"imputemean_num_imputesample_fac","A",3886,0.949061829111207,0.97568268557423,0.819689478029179
"imputemean_num_imputesample_fac","A",125920,0.5696,0.577006160314968,0.653562274304418
"imputemedian_num_imputemode_fac","A",4,0.877575757575757,0.932311507936508,0.848735870610871
"imputemedian_num_imputemode_fac","A",25,0.768345057386153,0.86059773996896,0.81347795449912
"imputemedian_num_imputemode_fac","A",51,0.48,0.6,0.777777777777778
"imputemedian_num_imputemode_fac","A",54,0.823225806451613,0.809057683057683,0.538801911538754
"imputemedian_num_imputemode_fac","A",55,0.947126436781609,0.981104513544244,0.956778915088383
"imputemedian_num_imputemode_fac","A",3021,0.966755880337977,0.95934968250861,0.982222863750067
"imputemedian_num_imputemode_fac","A",3557,0.687058823529412,0.74171317961899,0.713528771071145
"imputemedian_num_imputemode_fac","A",3561,0.669651741293532,0.675546749838849,0.771037449853811
"imputemedian_num_imputemode_fac","A",3626,0.857142857142857,0.839444444444444,0.931034706034706
"imputemedian_num_imputemode_fac","A",3675,0.677056798623064,0.751240301010785,0.697200579398419
"imputemedian_num_imputemode_fac","A",3704,0.887720071860199,0.949436394040256,0.838507433050489
"imputemedian_num_imputemode_fac","A",3719,0.954475806451613,0.981163040176198,0.960166997374005
"imputemedian_num_imputemode_fac","A",3722,0.810812390414962,0.870088201053437,0.855045944519484
"imputemedian_num_imputemode_fac","A",3761,0.791636363636363,0.866203174603175,0.759010323010323
"imputemedian_num_imputemode_fac","A",3793,0.720410845859122,0.79507569148801,0.720681476225868
"imputemedian_num_imputemode_fac","A",3807,0.756923076923077,0.842728174603175,0.737980866454982
"imputemedian_num_imputemode_fac","A",3852,0.827186840471757,0.920745388440952,0.862143446369718
"imputemedian_num_imputemode_fac","A",3856,0.883857667635287,0.976781764898892,0.859827249870938
"imputemedian_num_imputemode_fac","A",3865,0.75251837007348,0.73219168931113,0.78951697190519
"imputemedian_num_imputemode_fac","A",3870,0.777575757575758,0.856797017797018,0.742995406790803
"imputemedian_num_imputemode_fac","A",3871,0.603740350877193,0.629975972682917,0.433786790161857
"imputemedian_num_imputemode_fac","A",3881,0.805383119025755,0.793149188173865,0.848929994194141
"imputemedian_num_imputemode_fac","A",3886,0.945837269214255,0.960577118347339,0.807416680019897
"imputemedian_num_imputemode_fac","A",125920,0.6004,0.598934572651918,0.681024711777259
"imputemedian_num_imputeoor_fac","A",4,0.851212121212121,0.916775793650794,0.809433621933622
"imputemedian_num_imputeoor_fac","A",25,0.823258052573121,0.887858929420783,0.858411657137325
"imputemedian_num_imputeoor_fac","A",51,0.48,0.6,0.777777777777778
"imputemedian_num_imputeoor_fac","A",54,0.823655913978495,0.82642271308938,0.536145521145521
"imputemedian_num_imputeoor_fac","A",55,0.939310344827586,0.982725714693892,0.949951827280575
"imputemedian_num_imputeoor_fac","A",3021,0.966755880337977,0.959322235305989,0.982219193735801
"imputemedian_num_imputeoor_fac","A",3557,0.687058823529412,0.74171317961899,0.713528771071145
"imputemedian_num_imputeoor_fac","A",3561,0.670839137645108,0.674676290782465,0.771910512185129
"imputemedian_num_imputeoor_fac","A",3626,0.857142857142857,0.839444444444444,0.931034706034706
"imputemedian_num_imputeoor_fac","A",3675,0.676041308089501,0.749956055349293,0.701291670259708
"imputemedian_num_imputeoor_fac","A",3704,0.887720071860199,0.949436394040256,0.838507433050489
"imputemedian_num_imputeoor_fac","A",3719,0.953225806451613,0.981163040176198,0.959236764815865
"imputemedian_num_imputeoor_fac","A",3722,0.812838496006234,0.88679697194499,0.855546627017479
"imputemedian_num_imputeoor_fac","A",3761,0.791636363636363,0.866203174603175,0.759010323010323
"imputemedian_num_imputeoor_fac","A",3793,0.720410845859122,0.79507569148801,0.720681476225868
"imputemedian_num_imputeoor_fac","A",3807,0.766153846153846,0.845597222222222,0.749646686142541
"imputemedian_num_imputeoor_fac","A",3852,0.9451930477964,0.977735410662119,0.960915712755912
"imputemedian_num_imputeoor_fac","A",3856,0.945376878605674,0.983494030563661,0.95223954957407
"imputemedian_num_imputeoor_fac","A",3865,0.803660654642619,0.798547602545049,0.864603040566101
"imputemedian_num_imputeoor_fac","A",3870,0.775468975468975,0.868655233655234,0.735805353153134
"imputemedian_num_imputeoor_fac","A",3871,0.621621052631579,0.637804109112098,0.501013180857122
"imputemedian_num_imputeoor_fac","A",3881,0.862031032180668,0.811911800581489,0.913404969305982
"imputemedian_num_imputeoor_fac","A",3886,0.922423787033061,0.98672356442577,0.805101630184634
"imputemedian_num_imputeoor_fac","A",125920,0.594,0.603025297245563,0.679283809256522
"imputemedian_num_imputesample_fac","A",4,0.862727272727273,0.899498015873016,0.834191937644623
"imputemedian_num_imputesample_fac","A",25,0.750929285449833,0.836256033246482,0.799304042630444
"imputemedian_num_imputesample_fac","A",51,0.42,0.6,0.740740740740741
"imputemedian_num_imputesample_fac","A",54,0.827096774193549,0.796514245014245,0.537905252642095
"imputemedian_num_imputesample_fac","A",55,0.946206896551724,0.983015942484602,0.95590026229842
"imputemedian_num_imputesample_fac","A",3021,0.967180353786428,0.959414594579047,0.98245291949717
"imputemedian_num_imputesample_fac","A",3557,0.687058823529412,0.74171317961899,0.713528771071145
"imputemedian_num_imputesample_fac","A",3561,0.669653952459923,0.669993912379762,0.771141801249253
"imputemedian_num_imputesample_fac","A",3626,0.857142857142857,0.839444444444444,0.931034706034706
"imputemedian_num_imputesample_fac","A",3675,0.666064257028113,0.737011643606527,0.688340814656429
"imputemedian_num_imputesample_fac","A",3704,0.887720071860199,0.949436394040256,0.838507433050489
"imputemedian_num_imputesample_fac","A",3719,0.957016129032258,0.98145741247057,0.962435965176179
"imputemedian_num_imputesample_fac","A",3722,0.805283459964933,0.865846331849286,0.848708112604443
"imputemedian_num_imputesample_fac","A",3761,0.791636363636363,0.866203174603175,0.759010323010323
"imputemedian_num_imputesample_fac","A",3793,0.720410845859122,0.79507569148801,0.720681476225868
"imputemedian_num_imputesample_fac","A",3807,0.764615384615385,0.839605158730159,0.746145410672852
"imputemedian_num_imputesample_fac","A",3852,0.794218497827436,0.875632502937,0.840749761130907
"imputemedian_num_imputesample_fac","A",3856,0.871263836345804,0.96708840815855,0.851041060056348
"imputemedian_num_imputesample_fac","A",3865,0.752678690714763,0.742753118132209,0.789692852881341
"imputemedian_num_imputesample_fac","A",3870,0.787186147186147,0.865533355533356,0.748395457720266
"imputemedian_num_imputesample_fac","A",3871,0.579501754385965,0.592958332166057,0.436999867647908
"imputemedian_num_imputesample_fac","A",3881,0.800294872221185,0.78019870605243,0.84233657650821
"imputemedian_num_imputesample_fac","A",3886,0.949061829111207,0.97568268557423,0.819689478029179
"imputemedian_num_imputesample_fac","A",125920,0.5696,0.577006160314968,0.653562274304418
"imputemode_num_imputemode_fac","A",4,0.87060606060606,0.930684523809524,0.81289676989677
"imputemode_num_imputemode_fac","A",25,0.791121806738245,0.864062134180901,0.833428341788708
"imputemode_num_imputemode_fac","A",51,0.48,0.6,0.777777777777778
"imputemode_num_imputemode_fac","A",54,0.819354838709678,0.805753357753358,0.529503876240718
"imputemode_num_imputemode_fac","A",55,0.947126436781609,0.981104513544244,0.956778915088383
"imputemode_num_imputemode_fac","A",3021,0.967127162857695,0.959577644933084,0.982422509235899
"imputemode_num_imputemode_fac","A",3557,0.694117647058824,0.747822062659645,0.717439122940857
"imputemode_num_imputemode_fac","A",3561,0.669651741293532,0.675546749838849,0.771037449853811
"imputemode_num_imputemode_fac","A",3626,0.85047619047619,0.85,0.908904428904429
"imputemode_num_imputemode_fac","A",3675,0.670281124497992,0.747141326452577,0.690485078827776
"imputemode_num_imputemode_fac","A",3704,0.886696064020905,0.950268035227701,0.836493520581233
"imputemode_num_imputemode_fac","A",3719,0.954475806451613,0.981163040176198,0.960166997374005
"imputemode_num_imputemode_fac","A",3722,0.810800701344243,0.868494481176823,0.85511847301543
"imputemode_num_imputemode_fac","A",3761,0.793090909090909,0.874349206349206,0.769753801753802
"imputemode_num_imputemode_fac","A",3793,0.718874742116121,0.791654953689459,0.718241618898969
"imputemode_num_imputemode_fac","A",3807,0.766153846153846,0.851021825396825,0.748993871757193
"imputemode_num_imputemode_fac","A",3852,0.827186840471757,0.920745388440952,0.862143446369718
"imputemode_num_imputemode_fac","A",3856,0.883857667635287,0.976781764898892,0.859827249870938
"imputemode_num_imputemode_fac","A",3865,0.75251837007348,0.73219168931113,0.78951697190519
"imputemode_num_imputemode_fac","A",3870,0.777575757575758,0.85668142968143,0.742995406790803
"imputemode_num_imputemode_fac","A",3871,0.603740350877193,0.629975972682917,0.433786790161857
"imputemode_num_imputemode_fac","A",3881,0.805383119025755,0.793149188173865,0.848929994194141
"imputemode_num_imputemode_fac","A",3886,0.945837269214255,0.960577118347339,0.807416680019897
"imputemode_num_imputemode_fac","A",125920,0.6004,0.598934572651918,0.681024711777259
"imputemode_num_imputeoor_fac","A",4,0.851515151515151,0.913918650793651,0.792706293706294
"imputemode_num_imputeoor_fac","A",25,0.827611995557201,0.887953918452469,0.863734018477911
"imputemode_num_imputeoor_fac","A",51,0.48,0.6,0.777777777777778
"imputemode_num_imputeoor_fac","A",54,0.81505376344086,0.827413512413512,0.508216228216228
"imputemode_num_imputeoor_fac","A",55,0.939310344827586,0.982725714693892,0.949951827280575
"imputemode_num_imputeoor_fac","A",3021,0.967021132327367,0.959537489561764,0.982364755777464
"imputemode_num_imputeoor_fac","A",3557,0.694117647058824,0.747822062659645,0.717439122940857
"imputemode_num_imputeoor_fac","A",3561,0.670839137645108,0.674676290782465,0.771910512185129
"imputemode_num_imputeoor_fac","A",3626,0.85047619047619,0.85,0.908904428904429
"imputemode_num_imputeoor_fac","A",3675,0.677894434882387,0.748871649705641,0.705750369109713
"imputemode_num_imputeoor_fac","A",3704,0.886696064020905,0.950268035227701,0.836493520581233
"imputemode_num_imputeoor_fac","A",3719,0.953225806451613,0.981163040176198,0.959236764815865
"imputemode_num_imputeoor_fac","A",3722,0.811708552503409,0.885818064562574,0.855077155276434
"imputemode_num_imputeoor_fac","A",3761,0.793090909090909,0.874349206349206,0.769753801753802
"imputemode_num_imputeoor_fac","A",3793,0.718874742116121,0.791654953689459,0.718241618898969
"imputemode_num_imputeoor_fac","A",3807,0.766153846153846,0.851708333333333,0.751040853293656
"imputemode_num_imputeoor_fac","A",3852,0.9451930477964,0.977735410662119,0.960915712755912
"imputemode_num_imputeoor_fac","A",3856,0.945376878605674,0.983494030563661,0.95223954957407
"imputemode_num_imputeoor_fac","A",3865,0.803660654642619,0.798547602545049,0.864603040566101
"imputemode_num_imputeoor_fac","A",3870,0.778499278499278,0.863136308136308,0.740707313937448
"imputemode_num_imputeoor_fac","A",3871,0.621621052631579,0.637804109112098,0.501013180857122
"imputemode_num_imputeoor_fac","A",3881,0.862031032180668,0.811911800581489,0.913404969305982
"imputemode_num_imputeoor_fac","A",3886,0.922423787033061,0.98672356442577,0.805101630184634
"imputemode_num_imputeoor_fac","A",125920,0.594,0.603025297245563,0.679283809256522
"imputemode_num_imputesample_fac","A",4,0.809090909090909,0.864636904761905,0.757747090931234
"imputemode_num_imputesample_fac","A",25,0.759570529433543,0.835329468392969,0.808748995047358
"imputemode_num_imputesample_fac","A",51,0.42,0.6,0.740740740740741
"imputemode_num_imputesample_fac","A",54,0.821935483870968,0.805500536500537,0.532866513603356
"imputemode_num_imputesample_fac","A",55,0.946206896551724,0.983015942484602,0.95590026229842
"imputemode_num_imputesample_fac","A",3021,0.967392485112513,0.959553872069313,0.982563167338603
"imputemode_num_imputesample_fac","A",3557,0.694117647058824,0.747822062659645,0.717439122940857
"imputemode_num_imputesample_fac","A",3561,0.669653952459923,0.669993912379762,0.771141801249253
"imputemode_num_imputesample_fac","A",3626,0.85047619047619,0.85,0.908904428904429
"imputemode_num_imputesample_fac","A",3675,0.659294320137694,0.736261194768784,0.679709946929818
"imputemode_num_imputesample_fac","A",3704,0.886696064020905,0.950268035227701,0.836493520581233
"imputemode_num_imputesample_fac","A",3719,0.957016129032258,0.98145741247057,0.962435965176179
"imputemode_num_imputesample_fac","A",3722,0.805283459964933,0.866749586345845,0.849227457967504
"imputemode_num_imputesample_fac","A",3761,0.793090909090909,0.874349206349206,0.769753801753802
"imputemode_num_imputesample_fac","A",3793,0.718874742116121,0.791654953689459,0.718241618898969
"imputemode_num_imputesample_fac","A",3807,0.776923076923077,0.844561507936508,0.764298484778397
"imputemode_num_imputesample_fac","A",3852,0.794218497827436,0.875632502937,0.840749761130907
"imputemode_num_imputesample_fac","A",3856,0.871263836345804,0.96708840815855,0.851041060056348
"imputemode_num_imputesample_fac","A",3865,0.752678690714763,0.742753118132209,0.789692852881341
"imputemode_num_imputesample_fac","A",3870,0.787186147186147,0.864599104599105,0.748395457720266
"imputemode_num_imputesample_fac","A",3871,0.579501754385965,0.592958332166057,0.436999867647908
"imputemode_num_imputesample_fac","A",3881,0.800294872221185,0.78019870605243,0.84233657650821
"imputemode_num_imputesample_fac","A",3886,0.949061829111207,0.97568268557423,0.819689478029179
"imputemode_num_imputesample_fac","A",125920,0.5696,0.577006160314968,0.653562274304418
"imputeoor_num_imputemode_fac","A",4,0.885151515151515,0.942331349206349,0.811317571317571
"imputeoor_num_imputemode_fac","A",25,0.813424657534246,0.861362072654478,0.860793325429685
"imputeoor_num_imputemode_fac","A",51,0.48,0.6,0.777777777777778
"imputeoor_num_imputemode_fac","A",54,0.815483870967742,0.788302160802161,0.519305925555925
"imputeoor_num_imputemode_fac","A",55,0.947126436781609,0.981104513544244,0.956778915088383
"imputeoor_num_imputemode_fac","A",3021,0.889451262142744,0.918670306354795,0.927109292107214
"imputeoor_num_imputemode_fac","A",3557,0.663529411764706,0.706866431625571,0.683291078651889
"imputeoor_num_imputemode_fac","A",3561,0.669651741293532,0.675546749838849,0.771037449853811
"imputeoor_num_imputemode_fac","A",3626,0.85047619047619,0.841666666666667,0.927331002331002
"imputeoor_num_imputemode_fac","A",3675,0.676506024096386,0.747717077795921,0.707781865304378
"imputeoor_num_imputemode_fac","A",3704,0.842952800914584,0.902543382303193,0.791455270259538
"imputeoor_num_imputemode_fac","A",3719,0.954475806451613,0.981163040176198,0.960166997374005
"imputeoor_num_imputemode_fac","A",3722,0.806709526592636,0.865478544424034,0.852101473121626
"imputeoor_num_imputemode_fac","A",3761,0.754545454545454,0.835409523809524,0.714578088578088
"imputeoor_num_imputemode_fac","A",3793,0.708593575007368,0.779266691617115,0.69315605446339
"imputeoor_num_imputemode_fac","A",3807,0.761538461538461,0.83980753968254,0.743948325972327
"imputeoor_num_imputemode_fac","A",3852,0.827186840471757,0.920745388440952,0.862143446369718
"imputeoor_num_imputemode_fac","A",3856,0.883857667635287,0.976781764898892,0.859827249870938
"imputeoor_num_imputemode_fac","A",3865,0.75251837007348,0.73219168931113,0.78951697190519
"imputeoor_num_imputemode_fac","A",3870,0.760865800865801,0.839554260554261,0.712791927206519
"imputeoor_num_imputemode_fac","A",3871,0.603740350877193,0.629975972682917,0.433786790161857
"imputeoor_num_imputemode_fac","A",3881,0.805383119025755,0.793149188173865,0.848929994194141
"imputeoor_num_imputemode_fac","A",3886,0.945837269214255,0.960577118347339,0.807416680019897
"imputeoor_num_imputemode_fac","A",125920,0.6004,0.598934572651918,0.681024711777259
"imputeoor_num_imputeoor_fac","A",4,0.841212121212121,0.917259920634921,0.771663042839513
"imputeoor_num_imputeoor_fac","A",25,0.820496112550907,0.869980614416653,0.863266006025575
"imputeoor_num_imputeoor_fac","A",51,0.48,0.6,0.777777777777778
"imputeoor_num_imputeoor_fac","A",54,0.808602150537635,0.785393341226675,0.503018093018093
"imputeoor_num_imputeoor_fac","A",55,0.939310344827586,0.982725714693892,0.949951827280575
"imputeoor_num_imputeoor_fac","A",3021,0.889451262142744,0.918676893424474,0.927090761417188
"imputeoor_num_imputeoor_fac","A",3557,0.663529411764706,0.706866431625571,0.683291078651889
"imputeoor_num_imputeoor_fac","A",3561,0.670839137645108,0.674676290782465,0.771910512185129
"imputeoor_num_imputeoor_fac","A",3626,0.85047619047619,0.841666666666667,0.927331002331002
"imputeoor_num_imputeoor_fac","A",3675,0.677441193344808,0.748925978086422,0.706854161992538
"imputeoor_num_imputeoor_fac","A",3704,0.842952800914584,0.902543382303193,0.791455270259538
"imputeoor_num_imputeoor_fac","A",3719,0.953225806451613,0.981163040176198,0.959236764815865
"imputeoor_num_imputeoor_fac","A",3722,0.809429183713228,0.885979070044535,0.852938765778044
"imputeoor_num_imputeoor_fac","A",3761,0.754545454545454,0.835409523809524,0.714578088578088
"imputeoor_num_imputeoor_fac","A",3793,0.708593575007368,0.779266691617115,0.69315605446339
"imputeoor_num_imputeoor_fac","A",3807,0.761538461538461,0.840617063492064,0.745080341782604
"imputeoor_num_imputeoor_fac","A",3852,0.9451930477964,0.977735410662119,0.960915712755912
"imputeoor_num_imputeoor_fac","A",3856,0.945376878605674,0.983494030563661,0.95223954957407
"imputeoor_num_imputeoor_fac","A",3865,0.803660654642619,0.798547602545049,0.864603040566101
"imputeoor_num_imputeoor_fac","A",3870,0.753535353535354,0.83863130696464,0.700386646950114
"imputeoor_num_imputeoor_fac","A",3871,0.621621052631579,0.637804109112098,0.501013180857122
"imputeoor_num_imputeoor_fac","A",3881,0.862031032180668,0.811911800581489,0.913404969305982
"imputeoor_num_imputeoor_fac","A",3886,0.922423787033061,0.98672356442577,0.805101630184634
"imputeoor_num_imputeoor_fac","A",125920,0.594,0.603025297245563,0.679283809256522
"imputeoor_num_imputesample_fac","A",4,0.776363636363636,0.847823412698413,0.67864044168392
"imputeoor_num_imputesample_fac","A",25,0.784020733061829,0.839163623315524,0.837783437136934
"imputeoor_num_imputesample_fac","A",51,0.42,0.6,0.740740740740741
"imputeoor_num_imputesample_fac","A",54,0.811612903225807,0.792982905982906,0.51234274984275
"imputeoor_num_imputesample_fac","A",55,0.946206896551724,0.983015942484602,0.95590026229842
"imputeoor_num_imputesample_fac","A",3021,0.889610343070951,0.91867636422636,0.927197930824496
"imputeoor_num_imputesample_fac","A",3557,0.663529411764706,0.706866431625571,0.683291078651889
"imputeoor_num_imputesample_fac","A",3561,0.669653952459923,0.669993912379762,0.771141801249253
"imputeoor_num_imputesample_fac","A",3626,0.85047619047619,0.841666666666667,0.927331002331002
"imputeoor_num_imputesample_fac","A",3675,0.670286861732645,0.740292520516547,0.699770232536117
"imputeoor_num_imputesample_fac","A",3704,0.842952800914584,0.902543382303193,0.791455270259538
"imputeoor_num_imputesample_fac","A",3719,0.957016129032258,0.98145741247057,0.962435965176179
"imputeoor_num_imputesample_fac","A",3722,0.802571595558153,0.859130441406125,0.847155729772335
"imputeoor_num_imputesample_fac","A",3761,0.754545454545454,0.835409523809524,0.714578088578088
"imputeoor_num_imputesample_fac","A",3793,0.708593575007368,0.779266691617115,0.69315605446339
"imputeoor_num_imputesample_fac","A",3807,0.763076923076923,0.835918650793651,0.744337312424472
"imputeoor_num_imputesample_fac","A",3852,0.794218497827436,0.875632502937,0.840749761130907
"imputeoor_num_imputesample_fac","A",3856,0.871263836345804,0.96708840815855,0.851041060056348
"imputeoor_num_imputesample_fac","A",3865,0.752678690714763,0.742753118132209,0.789692852881341
"imputeoor_num_imputesample_fac","A",3870,0.778095238095238,0.850751396751397,0.722987156813513
"imputeoor_num_imputesample_fac","A",3871,0.579501754385965,0.592958332166057,0.436999867647908
"imputeoor_num_imputesample_fac","A",3881,0.800294872221185,0.78019870605243,0.84233657650821
"imputeoor_num_imputesample_fac","A",3886,0.949061829111207,0.97568268557423,0.819689478029179
"imputeoor_num_imputesample_fac","A",125920,0.5696,0.577006160314968,0.653562274304418
"imputesample_num_imputemode_fac","A",4,0.855151515151515,0.915615079365079,0.783777777777778
"imputesample_num_imputemode_fac","A",25,0.731380970011107,0.797502513911347,0.792958381040532
"imputesample_num_imputemode_fac","A",51,0.48,0.6,0.777777777777778
"imputesample_num_imputemode_fac","A",54,0.823225806451613,0.780282291782292,0.51597469903391
"imputesample_num_imputemode_fac","A",55,0.947126436781609,0.981104513544244,0.956778915088383
"imputesample_num_imputemode_fac","A",3021,0.963044179387637,0.952507291941364,0.980238504219847
"imputesample_num_imputemode_fac","A",3557,0.697647058823529,0.747515091779417,0.721623844147767
"imputesample_num_imputemode_fac","A",3561,0.669651741293532,0.675546749838849,0.771037449853811
"imputesample_num_imputemode_fac","A",3626,0.863809523809524,0.799166666666667,0.917429681429681
"imputesample_num_imputemode_fac","A",3675,0.676110154905336,0.74389543823056,0.699381029452441
"imputesample_num_imputemode_fac","A",3704,0.891814470031031,0.949321120989338,0.845594951974019
"imputesample_num_imputemode_fac","A",3719,0.954475806451613,0.981163040176198,0.960166997374005
"imputesample_num_imputemode_fac","A",3722,0.808088836937463,0.868054521769758,0.853136471482564
"imputesample_num_imputemode_fac","A",3761,0.755636363636363,0.830234920634921,0.710506604506604
"imputesample_num_imputemode_fac","A",3793,0.715958149130563,0.790003164483767,0.712732996818511
"imputesample_num_imputemode_fac","A",3807,0.758461538461538,0.841154761904762,0.74182756697977
"imputesample_num_imputemode_fac","A",3852,0.827186840471757,0.920745388440952,0.862143446369718
"imputesample_num_imputemode_fac","A",3856,0.883857667635287,0.976781764898892,0.859827249870938
"imputesample_num_imputemode_fac","A",3865,0.75251837007348,0.73219168931113,0.78951697190519
"imputesample_num_imputemode_fac","A",3870,0.781471861471861,0.851203648203648,0.740018905788727
"imputesample_num_imputemode_fac","A",3871,0.603740350877193,0.629975972682917,0.433786790161857
"imputesample_num_imputemode_fac","A",3881,0.805383119025755,0.793149188173865,0.848929994194141
"imputesample_num_imputemode_fac","A",3886,0.945837269214255,0.960577118347339,0.807416680019897
"imputesample_num_imputemode_fac","A",125920,0.6004,0.598934572651918,0.681024711777259
"imputesample_num_imputeoor_fac","A",4,0.85060606060606,0.913472222222222,0.792634920634921
"imputesample_num_imputeoor_fac","A",25,0.816201406886338,0.858322710577865,0.858322034492074
"imputesample_num_imputeoor_fac","A",51,0.48,0.6,0.777777777777778
"imputesample_num_imputeoor_fac","A",54,0.81505376344086,0.798546638546639,0.481365671365671
"imputesample_num_imputeoor_fac","A",55,0.939310344827586,0.982725714693892,0.949951827280575
"imputesample_num_imputeoor_fac","A",3021,0.963150139652537,0.952463184295095,0.98029555532154
"imputesample_num_imputeoor_fac","A",3557,0.697647058823529,0.747515091779417,0.721623844147767
"imputesample_num_imputeoor_fac","A",3561,0.670839137645108,0.674676290782465,0.771910512185129
"imputesample_num_imputeoor_fac","A",3626,0.863809523809524,0.799166666666667,0.917429681429681
"imputesample_num_imputeoor_fac","A",3675,0.671290877796902,0.739775697313123,0.699901739009851
"imputesample_num_imputeoor_fac","A",3704,0.891814470031031,0.949321120989338,0.845594951974019
"imputesample_num_imputeoor_fac","A",3719,0.953225806451613,0.981163040176198,0.959236764815865
"imputesample_num_imputeoor_fac","A",3722,0.80944866549776,0.884616590677686,0.852785631560783
"imputesample_num_imputeoor_fac","A",3761,0.755636363636363,0.830234920634921,0.710506604506604
"imputesample_num_imputeoor_fac","A",3793,0.715958149130563,0.790003164483767,0.712732996818511
"imputesample_num_imputeoor_fac","A",3807,0.761538461538461,0.843285714285714,0.746554839707042
"imputesample_num_imputeoor_fac","A",3852,0.9451930477964,0.977735410662119,0.960915712755912
"imputesample_num_imputeoor_fac","A",3856,0.945376878605674,0.983494030563661,0.95223954957407
"imputesample_num_imputeoor_fac","A",3865,0.803660654642619,0.798547602545049,0.864603040566101
"imputesample_num_imputeoor_fac","A",3870,0.775468975468975,0.85349440682774,0.714211233021975
"imputesample_num_imputeoor_fac","A",3871,0.621621052631579,0.637804109112098,0.501013180857122
"imputesample_num_imputeoor_fac","A",3881,0.862031032180668,0.811911800581489,0.913404969305982
"imputesample_num_imputeoor_fac","A",3886,0.922423787033061,0.98672356442577,0.805101630184634
"imputesample_num_imputeoor_fac","A",125920,0.594,0.603025297245563,0.679283809256522
"imputesample_num_imputesample_fac","A",4,0.813636363636364,0.882815476190476,0.728117484367484
"imputesample_num_imputesample_fac","A",25,0.672069603850426,0.738681325695752,0.744921031023962
"imputesample_num_imputesample_fac","A",51,0.42,0.6,0.740740740740741
"imputesample_num_imputesample_fac","A",54,0.810322580645161,0.771166000666001,0.503329679100308
"imputesample_num_imputesample_fac","A",55,0.946206896551724,0.983015942484602,0.95590026229842
"imputesample_num_imputesample_fac","A",3021,0.962938219122736,0.955027414384014,0.980179091240289
"imputesample_num_imputesample_fac","A",3557,0.697647058823529,0.747515091779417,0.721623844147767
"imputesample_num_imputesample_fac","A",3561,0.669653952459923,0.669993912379762,0.771141801249253
"imputesample_num_imputesample_fac","A",3626,0.863809523809524,0.799166666666667,0.917429681429681
"imputesample_num_imputesample_fac","A",3675,0.664159495123351,0.73358324743118,0.68766593993274
"imputesample_num_imputesample_fac","A",3704,0.891814470031031,0.949321120989338,0.845594951974019
"imputesample_num_imputesample_fac","A",3719,0.957016129032258,0.98145741247057,0.962435965176179
"imputesample_num_imputesample_fac","A",3722,0.799216832261835,0.860461259284553,0.843520680168387
"imputesample_num_imputesample_fac","A",3761,0.755636363636363,0.830234920634921,0.710506604506604
"imputesample_num_imputesample_fac","A",3793,0.715958149130563,0.790003164483767,0.712732996818511
"imputesample_num_imputesample_fac","A",3807,0.761538461538461,0.838380952380952,0.744297701594393
"imputesample_num_imputesample_fac","A",3852,0.794218497827436,0.875632502937,0.840749761130907
"imputesample_num_imputesample_fac","A",3856,0.871263836345804,0.96708840815855,0.851041060056348
"imputesample_num_imputesample_fac","A",3865,0.752678690714763,0.742753118132209,0.789692852881341
"imputesample_num_imputesample_fac","A",3870,0.777402597402597,0.853141969141969,0.726098533389555
"imputesample_num_imputesample_fac","A",3871,0.579501754385965,0.592958332166057,0.436999867647908
"imputesample_num_imputesample_fac","A",3881,0.800294872221185,0.78019870605243,0.84233657650821
"imputesample_num_imputesample_fac","A",3886,0.949061829111207,0.97568268557423,0.819689478029179
"imputesample_num_imputesample_fac","A",125920,0.5696,0.577006160314968,0.653562274304418
