No,ID
1,2
2,4
3,5
4,7
5,9
6,13
7,15
8,24
9,25
10,27
11,29
12,34
13,35
14,38
15,42
16,49
17,51
18,52
19,55
20,56
21,57
22,163
23,171
24,172
25,179
26,185
27,186
28,188
29,194
30,196
31,200
32,204
33,205
34,213
35,222
36,224
37,231
38,232
39,315
40,327
41,328
42,340
43,342
44,372
45,378
46,381
47,382
48,443
49,449
50,451
51,452
52,453
53,454
54,455
55,456
56,460
57,466
58,470
59,471
60,474
61,481
62,488
63,490
64,491
65,498
66,502
67,506
68,510
69,516
70,524
71,532
72,539
73,566
74,567
75,568
76,569
77,570
78,575
79,576
80,577
81,578
82,738
83,739
84,757
85,760
86,786
87,798
88,802
89,810
90,831
91,839
92,840
93,842
94,844
95,852
96,854
97,858
98,861
99,897
100,898
101,899
102,930
103,939
104,940
105,944
106,957
107,960
108,961
109,963
110,966
111,967
112,968
113,972
114,975
115,981
116,982
117,984
118,985
119,986
120,989
121,990
122,992
123,993
124,998
125,999
126,1000
127,1001
128,1002
129,1003
130,1007
131,1008
132,1010
133,1017
134,1018
135,1023
136,1037
137,1053
138,1072
139,1093
140,1101
141,1102
142,1109
143,1111
144,1112
145,1114
146,1119
147,1222
148,1226
149,1240
150,1590
151,4532
152,4563
153,6331
154,6332
155,23380
156,23381
157,23512
158,23513
159,40536
160,40728
161,40753
162,40918
163,40920
164,40945
165,40966
166,41001
167,41002
168,41003
169,41006
170,41021
171,41091
172,41138
173,41147
174,41160
175,41162
176,41170
177,41430
178,41482
179,41483
180,41484
181,41487
182,41506
183,41523
184,41524
185,41525
186,41526
187,41533
188,41555
189,41704
190,41705
191,41960
192,41968
193,41980
194,41981
195,42004
196,42006
197,42074
198,42076
199,42078
200,42080
201,42087
202,42088
203,42089
204,42104
205,42106
206,42107
207,42123
208,42125
209,42132
210,42133
211,42159
212,42160
213,42163
214,42164
215,42165
216,42167
217,42169
218,42172
219,42177
220,42194
221,42195
222,42196
223,42206
224,42252
225,42256
226,42260
227,42343
228,42345
229,42359
230,42371
231,42456
232,42458
233,42459
234,42460
235,42495
236,42496
237,42530
238,42532
239,42563
240,42585
241,202
242,486
243,495
244,525
245,538
246,559
247,563
248,565
249,669
250,700
251,1092
252,1168
253,4562
254,41022
255,41197
256,42057
257,42058
258,42059
259,42060
260,42090
261,42093
262,42118
263,42121
264,42134
265,42136
266,42139
