"iteration","classif.acc","classif.auc","classif.fbeta","task","imputer","model"
"1",1,1,1,1,4,"imput_mice_sample","classif.glmnet"
"2",2,0.916666666666667,0.9375,0.941176470588235,4,"imput_mice_sample","classif.glmnet"
"3",3,0.727272727272727,0.821428571428571,0.666666666666667,4,"imput_mice_sample","classif.glmnet"
"4",4,0.909090909090909,0.722222222222222,0.666666666666667,4,"imput_mice_sample","classif.glmnet"
"5",5,0.909090909090909,0.964285714285714,0.888888888888889,4,"imput_mice_sample","classif.glmnet"
"1",1,1,1,1,4,"imput_mice_cart","classif.glmnet"
"2",2,0.75,0.96875,0.842105263157895,4,"imput_mice_cart","classif.glmnet"
"3",3,0.545454545454545,0.785714285714286,0.545454545454545,4,"imput_mice_cart","classif.glmnet"
"4",4,0.818181818181818,0.833333333333333,NA,4,"imput_mice_cart","classif.glmnet"
"5",5,1,1,1,4,"imput_mice_cart","classif.glmnet"
"1",1,0.675675675675676,0.714160839160839,0.793103448275862,25,"imput_mice_pmm","classif.glmnet"
"2",2,0.662162162162162,0.697607655502392,0.774774774774775,25,"imput_mice_pmm","classif.glmnet"
"3",3,0.689189189189189,0.822695035460993,0.776699029126214,25,"imput_mice_pmm","classif.glmnet"
"4",4,0.547945205479452,0.668174962292609,0.629213483146067,25,"imput_mice_pmm","classif.glmnet"
"5",5,0.671232876712329,0.676470588235294,0.76,25,"imput_mice_pmm","classif.glmnet"
"1",1,0.662162162162162,0.704545454545455,0.757281553398058,25,"imput_mice_midastouch","classif.glmnet"
"2",2,0.675675675675676,0.747368421052632,0.777777777777778,25,"imput_mice_midastouch","classif.glmnet"
"3",3,0.702702702702703,0.779353821907013,0.788461538461539,25,"imput_mice_midastouch","classif.glmnet"
"4",4,0.589041095890411,0.711915535444947,0.680851063829787,25,"imput_mice_midastouch","classif.glmnet"
"5",5,0.698630136986301,0.742424242424243,0.788461538461538,25,"imput_mice_midastouch","classif.glmnet"
"1",1,0.675675675675676,0.683566433566434,0.777777777777778,25,"imput_mice_sample","classif.glmnet"
"2",2,0.72972972972973,0.781818181818182,0.821428571428571,25,"imput_mice_sample","classif.glmnet"
"3",3,0.716216216216216,0.817966903073286,0.796116504854369,25,"imput_mice_sample","classif.glmnet"
"4",4,0.616438356164384,0.708898944193062,0.688888888888889,25,"imput_mice_sample","classif.glmnet"
"5",5,0.63013698630137,0.686274509803922,0.715789473684211,25,"imput_mice_sample","classif.glmnet"
"1",1,0.662162162162162,0.673076923076923,0.774774774774775,25,"imput_mice_cart","classif.glmnet"
"2",2,0.662162162162162,0.754066985645933,0.774774774774775,25,"imput_mice_cart","classif.glmnet"
"3",3,0.702702702702703,0.810086682427108,0.788461538461539,25,"imput_mice_cart","classif.glmnet"
"4",4,0.575342465753425,0.700603318250377,0.626506024096386,25,"imput_mice_cart","classif.glmnet"
"5",5,0.602739726027397,0.660427807486631,0.694736842105263,25,"imput_mice_cart","classif.glmnet"
"1",1,0.870967741935484,0.777777777777778,0.5,54,"imput_mice_A_pmm","classif.glmnet"
"2",2,0.870967741935484,0.785714285714286,0.666666666666667,54,"imput_mice_A_pmm","classif.glmnet"
"3",3,0.774193548387097,0.848484848484849,0.533333333333333,54,"imput_mice_A_pmm","classif.glmnet"
"4",4,0.903225806451613,0.928571428571428,0.8,54,"imput_mice_A_pmm","classif.glmnet"
"5",5,0.935483870967742,0.907692307692308,0.75,54,"imput_mice_A_pmm","classif.glmnet"
"1",1,0.870967741935484,0.888888888888889,0.5,54,"imput_mice_A_sample","classif.glmnet"
"2",2,0.838709677419355,0.773809523809524,0.615384615384615,54,"imput_mice_A_sample","classif.glmnet"
"3",3,0.870967741935484,0.828282828282828,0.75,54,"imput_mice_A_sample","classif.glmnet"
"4",4,0.806451612903226,0.851190476190476,0.571428571428571,54,"imput_mice_A_sample","classif.glmnet"
"5",5,0.935483870967742,0.915384615384615,0.75,54,"imput_mice_A_sample","classif.glmnet"
"1",1,0.838709677419355,0.861111111111111,0.444444444444444,54,"imput_mice_A_cart","classif.glmnet"
"2",2,0.870967741935484,0.791666666666667,0.714285714285714,54,"imput_mice_A_cart","classif.glmnet"
"3",3,0.838709677419355,0.843434343434344,0.615384615384615,54,"imput_mice_A_cart","classif.glmnet"
"4",4,0.870967741935484,0.875,0.714285714285714,54,"imput_mice_A_cart","classif.glmnet"
"5",5,0.903225806451613,0.838461538461538,0.571428571428572,54,"imput_mice_A_cart","classif.glmnet"
"1",1,0.903225806451613,0.833333333333333,0.571428571428572,54,"imput_mice_A_rf","classif.glmnet"
"2",2,0.838709677419355,0.779761904761905,0.615384615384615,54,"imput_mice_A_rf","classif.glmnet"
"3",3,0.870967741935484,0.833333333333333,0.75,54,"imput_mice_A_rf","classif.glmnet"
"4",4,0.838709677419355,0.904761904761905,0.615384615384615,54,"imput_mice_A_rf","classif.glmnet"
"5",5,0.903225806451613,0.907692307692308,0.571428571428572,54,"imput_mice_A_rf","classif.glmnet"
"1",1,0.903225806451613,0.888888888888889,0.571428571428572,54,"imput_mice_pmm","classif.glmnet"
"2",2,0.838709677419355,0.779761904761905,0.545454545454545,54,"imput_mice_pmm","classif.glmnet"
"3",3,0.741935483870968,0.818181818181818,0.428571428571429,54,"imput_mice_pmm","classif.glmnet"
"4",4,0.870967741935484,0.916666666666667,0.75,54,"imput_mice_pmm","classif.glmnet"
"5",5,0.903225806451613,0.869230769230769,0.571428571428572,54,"imput_mice_pmm","classif.glmnet"
"1",1,0.870967741935484,0.925925925925926,0.5,54,"imput_mice_sample","classif.glmnet"
"2",2,0.838709677419355,0.767857142857143,0.615384615384615,54,"imput_mice_sample","classif.glmnet"
"3",3,0.870967741935484,0.848484848484849,0.75,54,"imput_mice_sample","classif.glmnet"
"4",4,0.774193548387097,0.886904761904762,0.533333333333333,54,"imput_mice_sample","classif.glmnet"
"5",5,0.903225806451613,0.915384615384615,0.571428571428572,54,"imput_mice_sample","classif.glmnet"
"1",1,0.903225806451613,0.87962962962963,0.571428571428572,54,"imput_mice_rf","classif.glmnet"
"2",2,0.806451612903226,0.779761904761905,0.5,54,"imput_mice_rf","classif.glmnet"
"3",3,0.838709677419355,0.823232323232323,0.666666666666667,54,"imput_mice_rf","classif.glmnet"
"4",4,0.903225806451613,0.922619047619048,0.8,54,"imput_mice_rf","classif.glmnet"
"5",5,0.903225806451613,0.861538461538461,0.571428571428572,54,"imput_mice_rf","classif.glmnet"
"1",1,0.977011494252874,0.998910675381264,0.980769230769231,55,"imput_mice_A_pmm","classif.glmnet"
"2",2,0.931034482758621,0.992433795712484,0.949152542372881,55,"imput_mice_A_pmm","classif.glmnet"
"3",3,0.942528735632184,0.99478021978022,0.950495049504951,55,"imput_mice_A_pmm","classif.glmnet"
"4",4,0.96551724137931,0.99537037037037,0.970873786407767,55,"imput_mice_A_pmm","classif.glmnet"
"5",5,0.96551724137931,0.997527472527473,0.970873786407767,55,"imput_mice_A_pmm","classif.glmnet"
"1",1,1,1,1,55,"imput_mice_A_sample","classif.glmnet"
"2",2,0.919540229885057,0.988020176544767,0.94017094017094,55,"imput_mice_A_sample","classif.glmnet"
"3",3,0.954022988505747,0.996703296703297,0.96078431372549,55,"imput_mice_A_sample","classif.glmnet"
"4",4,0.96551724137931,0.996732026143791,0.970873786407767,55,"imput_mice_A_sample","classif.glmnet"
"5",5,0.977011494252874,0.996978021978022,0.980392156862745,55,"imput_mice_A_sample","classif.glmnet"
"1",1,0.96551724137931,0.998910675381264,0.971428571428571,55,"imput_mice_A_cart","classif.glmnet"
"2",2,0.919540229885057,0.988650693568726,0.94017094017094,55,"imput_mice_A_cart","classif.glmnet"
"3",3,0.942528735632184,0.993131868131868,0.950495049504951,55,"imput_mice_A_cart","classif.glmnet"
"4",4,0.942528735632184,0.967864923747277,0.951456310679612,55,"imput_mice_A_cart","classif.glmnet"
"5",5,0.977011494252874,0.996978021978022,0.980392156862745,55,"imput_mice_A_cart","classif.glmnet"
"1",1,0.977011494252874,0.990196078431373,0.980769230769231,55,"imput_mice_pmm","classif.glmnet"
"2",2,0.942528735632184,0.993694829760403,0.957983193277311,55,"imput_mice_pmm","classif.glmnet"
"3",3,0.942528735632184,0.994505494505495,0.950495049504951,55,"imput_mice_pmm","classif.glmnet"
"4",4,0.96551724137931,0.982298474945534,0.971428571428571,55,"imput_mice_pmm","classif.glmnet"
"5",5,0.96551724137931,0.997527472527473,0.970873786407767,55,"imput_mice_pmm","classif.glmnet"
"1",1,0.988505747126437,1,0.990291262135922,55,"imput_mice_sample","classif.glmnet"
"2",2,0.919540229885057,0.990857503152585,0.94017094017094,55,"imput_mice_sample","classif.glmnet"
"3",3,0.954022988505747,0.996703296703297,0.96078431372549,55,"imput_mice_sample","classif.glmnet"
"4",4,0.977011494252874,0.997821350762527,0.980392156862745,55,"imput_mice_sample","classif.glmnet"
"5",5,0.954022988505747,0.98543956043956,0.96,55,"imput_mice_sample","classif.glmnet"
"1",1,0.977011494252874,0.992919389978213,0.980769230769231,55,"imput_mice_cart","classif.glmnet"
"2",2,0.919540229885057,0.990857503152585,0.94017094017094,55,"imput_mice_cart","classif.glmnet"
"3",3,0.931034482758621,0.993131868131868,0.94,55,"imput_mice_cart","classif.glmnet"
"4",4,0.96551724137931,0.995642701525055,0.970873786407767,55,"imput_mice_cart","classif.glmnet"
"5",5,0.977011494252874,0.996978021978022,0.980392156862745,55,"imput_mice_cart","classif.glmnet"
"1",1,0.949668874172185,0.926779910467898,0.97372060857538,3021,"imput_mice_pmm","classif.glmnet"
"2",2,0.952317880794702,0.924984627997541,0.975172413793103,3021,"imput_mice_pmm","classif.glmnet"
"3",3,0.948275862068966,0.929153174369541,0.972972972972973,3021,"imput_mice_pmm","classif.glmnet"
"4",4,0.935013262599469,0.986961665282287,0.965806001395673,3021,"imput_mice_pmm","classif.glmnet"
"5",5,0.948275862068966,0.972759282970551,0.973158981417756,3021,"imput_mice_pmm","classif.glmnet"
"1",1,0.950993377483444,0.922456613724168,0.974429854872149,3021,"imput_mice_sample","classif.glmnet"
"2",2,0.954966887417219,0.91979230716677,0.976584022038567,3021,"imput_mice_sample","classif.glmnet"
"3",3,0.946949602122016,0.925718771465018,0.972413793103448,3021,"imput_mice_sample","classif.glmnet"
"4",4,0.935013262599469,0.986508595736112,0.965806001395673,3021,"imput_mice_sample","classif.glmnet"
"5",5,0.949602122015915,0.972663252240718,0.973901098901099,3021,"imput_mice_sample","classif.glmnet"
"1",1,0.949668874172185,0.925001533083951,0.97372060857538,3021,"imput_mice_rf","classif.glmnet"
"2",2,0.95364238410596,0.929903668784586,0.975878704341833,3021,"imput_mice_rf","classif.glmnet"
"3",3,0.950928381962865,0.91786870768325,0.97439446366782,3021,"imput_mice_rf","classif.glmnet"
"4",4,0.93368700265252,0.984520123839009,0.965083798882682,3021,"imput_mice_rf","classif.glmnet"
"5",5,0.953580901856764,0.971350832266326,0.97591190640055,3021,"imput_mice_rf","classif.glmnet"
"1",1,0.617647058823529,0.660477453580902,0.606060606060606,3557,"imput_mice_A_pmm","classif.glmnet"
"2",2,0.602941176470588,0.613715277777778,0.619718309859155,3557,"imput_mice_A_pmm","classif.glmnet"
"3",3,0.647058823529412,0.673875432525952,0.657142857142857,3557,"imput_mice_A_pmm","classif.glmnet"
"4",4,0.647058823529412,0.616964285714286,0.707317073170732,3557,"imput_mice_A_pmm","classif.glmnet"
"5",5,0.602941176470588,0.636446886446887,0.666666666666667,3557,"imput_mice_A_pmm","classif.glmnet"
"1",1,0.647058823529412,0.640141467727675,0.647058823529412,3557,"imput_mice_A_midastouch","classif.glmnet"
"2",2,0.617647058823529,0.605902777777778,0.638888888888889,3557,"imput_mice_A_midastouch","classif.glmnet"
"3",3,0.676470588235294,0.711937716262976,0.710526315789474,3557,"imput_mice_A_midastouch","classif.glmnet"
"4",4,0.647058823529412,0.572321428571429,0.707317073170732,3557,"imput_mice_A_midastouch","classif.glmnet"
"5",5,0.617647058823529,0.661172161172161,0.675,3557,"imput_mice_A_midastouch","classif.glmnet"
"1",1,0.558823529411765,0.656940760389036,0.516129032258065,3557,"imput_mice_A_sample","classif.glmnet"
"2",2,0.602941176470588,0.598090277777778,0.608695652173913,3557,"imput_mice_A_sample","classif.glmnet"
"3",3,0.691176470588235,0.705017301038062,0.727272727272727,3557,"imput_mice_A_sample","classif.glmnet"
"4",4,0.602941176470588,0.582142857142857,0.658227848101266,3557,"imput_mice_A_sample","classif.glmnet"
"5",5,0.588235294117647,0.610805860805861,0.65,3557,"imput_mice_A_sample","classif.glmnet"
"1",1,0.661764705882353,0.702917771883289,0.646153846153846,3557,"imput_mice_A_cart","classif.glmnet"
"2",2,0.632352941176471,0.638888888888889,0.63768115942029,3557,"imput_mice_A_cart","classif.glmnet"
"3",3,0.691176470588235,0.695501730103806,0.712328767123288,3557,"imput_mice_A_cart","classif.glmnet"
"4",4,0.602941176470588,0.623214285714286,0.649350649350649,3557,"imput_mice_A_cart","classif.glmnet"
"5",5,0.588235294117647,0.63003663003663,0.65,3557,"imput_mice_A_cart","classif.glmnet"
"1",1,0.647058823529412,0.680813439434129,0.625,3557,"imput_mice_A_rf","classif.glmnet"
"2",2,0.529411764705882,0.598958333333333,0.542857142857143,3557,"imput_mice_A_rf","classif.glmnet"
"3",3,0.617647058823529,0.625432525951557,0.638888888888889,3557,"imput_mice_A_rf","classif.glmnet"
"4",4,0.632352941176471,0.610714285714286,0.683544303797468,3557,"imput_mice_A_rf","classif.glmnet"
"5",5,0.691176470588235,0.673992673992674,0.746987951807229,3557,"imput_mice_A_rf","classif.glmnet"
"1",1,0.617647058823529,0.664898320070734,0.606060606060606,3557,"imput_mice_pmm","classif.glmnet"
"2",2,0.573529411764706,0.609375,0.579710144927536,3557,"imput_mice_pmm","classif.glmnet"
"3",3,0.647058823529412,0.653979238754325,0.647058823529412,3557,"imput_mice_pmm","classif.glmnet"
"4",4,0.588235294117647,0.58125,0.658536585365854,3557,"imput_mice_pmm","classif.glmnet"
"5",5,0.661764705882353,0.628205128205128,0.735632183908046,3557,"imput_mice_pmm","classif.glmnet"
"1",1,0.617647058823529,0.622458001768347,0.59375,3557,"imput_mice_midastouch","classif.glmnet"
"2",2,0.558823529411765,0.561631944444444,0.583333333333333,3557,"imput_mice_midastouch","classif.glmnet"
"3",3,0.617647058823529,0.629757785467128,0.638888888888889,3557,"imput_mice_midastouch","classif.glmnet"
"4",4,0.632352941176471,0.610714285714286,0.698795180722892,3557,"imput_mice_midastouch","classif.glmnet"
"5",5,0.573529411764706,0.61996336996337,0.641975308641975,3557,"imput_mice_midastouch","classif.glmnet"
"1",1,0.632352941176471,0.688770999115827,0.603174603174603,3557,"imput_mice_sample","classif.glmnet"
"2",2,0.617647058823529,0.644097222222222,0.59375,3557,"imput_mice_sample","classif.glmnet"
"3",3,0.705882352941177,0.728373702422145,0.722222222222222,3557,"imput_mice_sample","classif.glmnet"
"4",4,0.588235294117647,0.574107142857143,0.641025641025641,3557,"imput_mice_sample","classif.glmnet"
"5",5,0.617647058823529,0.59981684981685,0.69047619047619,3557,"imput_mice_sample","classif.glmnet"
"1",1,0.661764705882353,0.701149425287356,0.622950819672131,3557,"imput_mice_cart","classif.glmnet"
"2",2,0.558823529411765,0.612847222222222,0.583333333333333,3557,"imput_mice_cart","classif.glmnet"
"3",3,0.602941176470588,0.654844290657439,0.64,3557,"imput_mice_cart","classif.glmnet"
"4",4,0.647058823529412,0.625,0.7,3557,"imput_mice_cart","classif.glmnet"
"5",5,0.602941176470588,0.627289377289377,0.658227848101266,3557,"imput_mice_cart","classif.glmnet"
"1",1,0.617647058823529,0.669319186560566,0.59375,3557,"imput_mice_rf","classif.glmnet"
"2",2,0.529411764705882,0.546875,0.555555555555556,3557,"imput_mice_rf","classif.glmnet"
"3",3,0.647058823529412,0.641868512110727,0.647058823529412,3557,"imput_mice_rf","classif.glmnet"
"4",4,0.632352941176471,0.591964285714286,0.683544303797468,3557,"imput_mice_rf","classif.glmnet"
"5",5,0.676470588235294,0.657509157509158,0.731707317073171,3557,"imput_mice_rf","classif.glmnet"
"1",1,0.666666666666667,0.728723404255319,0.769230769230769,3561,"imput_mice_A_pmm","classif.glmnet"
"2",2,0.688888888888889,0.643917624521073,0.783505154639175,3561,"imput_mice_A_pmm","classif.glmnet"
"3",3,0.619402985074627,0.65,0.743718592964824,3561,"imput_mice_A_pmm","classif.glmnet"
"4",4,0.716417910447761,0.73344861660079,0.802083333333333,3561,"imput_mice_A_pmm","classif.glmnet"
"5",5,0.67910447761194,0.680431848852902,0.770053475935829,3561,"imput_mice_A_pmm","classif.glmnet"
"1",1,0.666666666666667,0.729206963249516,0.769230769230769,3561,"imput_mice_A_sample","classif.glmnet"
"2",2,0.674074074074074,0.643917624521073,0.770833333333333,3561,"imput_mice_A_sample","classif.glmnet"
"3",3,0.619402985074627,0.647727272727273,0.743718592964824,3561,"imput_mice_A_sample","classif.glmnet"
"4",4,0.708955223880597,0.730978260869565,0.795811518324607,3561,"imput_mice_A_sample","classif.glmnet"
"5",5,0.694029850746269,0.68582995951417,0.783068783068783,3561,"imput_mice_A_sample","classif.glmnet"
"1",1,0.666666666666667,0.729690522243714,0.769230769230769,3561,"imput_mice_A_cart","classif.glmnet"
"2",2,0.674074074074074,0.643917624521073,0.770833333333333,3561,"imput_mice_A_cart","classif.glmnet"
"3",3,0.626865671641791,0.652272727272727,0.747474747474748,3561,"imput_mice_A_cart","classif.glmnet"
"4",4,0.738805970149254,0.735918972332016,0.82051282051282,3561,"imput_mice_A_cart","classif.glmnet"
"5",5,0.701492537313433,0.688259109311741,0.789473684210526,3561,"imput_mice_A_cart","classif.glmnet"
"1",1,0.666666666666667,0.726305609284333,0.769230769230769,3561,"imput_mice_A_rf","classif.glmnet"
"2",2,0.666666666666667,0.649904214559387,0.766839378238342,3561,"imput_mice_A_rf","classif.glmnet"
"3",3,0.634328358208955,0.660353535353535,0.751269035532995,3561,"imput_mice_A_rf","classif.glmnet"
"4",4,0.723880597014925,0.736413043478261,0.808290155440415,3561,"imput_mice_A_rf","classif.glmnet"
"5",5,0.701492537313433,0.687989203778678,0.791666666666667,3561,"imput_mice_A_rf","classif.glmnet"
"1",1,0.666666666666667,0.728723404255319,0.769230769230769,3561,"imput_mice_pmm","classif.glmnet"
"2",2,0.681481481481481,0.646312260536398,0.77720207253886,3561,"imput_mice_pmm","classif.glmnet"
"3",3,0.619402985074627,0.647222222222222,0.743718592964824,3561,"imput_mice_pmm","classif.glmnet"
"4",4,0.738805970149254,0.735177865612648,0.822335025380711,3561,"imput_mice_pmm","classif.glmnet"
"5",5,0.708955223880597,0.69527665317139,0.795811518324607,3561,"imput_mice_pmm","classif.glmnet"
"1",1,0.666666666666667,0.729206963249516,0.769230769230769,3561,"imput_mice_sample","classif.glmnet"
"2",2,0.674074074074074,0.643917624521073,0.770833333333333,3561,"imput_mice_sample","classif.glmnet"
"3",3,0.619402985074627,0.647979797979798,0.743718592964824,3561,"imput_mice_sample","classif.glmnet"
"4",4,0.723880597014925,0.736413043478261,0.808290155440415,3561,"imput_mice_sample","classif.glmnet"
"5",5,0.694029850746269,0.683400809716599,0.785340314136126,3561,"imput_mice_sample","classif.glmnet"
"1",1,0.666666666666667,0.72848162475822,0.769230769230769,3561,"imput_mice_cart","classif.glmnet"
"2",2,0.674074074074074,0.643917624521073,0.770833333333333,3561,"imput_mice_cart","classif.glmnet"
"3",3,0.634328358208955,0.644444444444444,0.756218905472637,3561,"imput_mice_cart","classif.glmnet"
"4",4,0.716417910447761,0.7324604743083,0.804123711340206,3561,"imput_mice_cart","classif.glmnet"
"5",5,0.694029850746269,0.678002699055331,0.783068783068783,3561,"imput_mice_cart","classif.glmnet"
"1",1,0.678571428571429,0.692708333333333,0.703296703296703,3675,"imput_mice_A_pmm","classif.glmnet"
"2",2,0.607142857142857,0.731588557516738,0.637362637362637,3675,"imput_mice_A_pmm","classif.glmnet"
"3",3,0.75,0.849773242630385,0.758620689655172,3675,"imput_mice_A_pmm","classif.glmnet"
"4",4,0.650602409638554,0.767131242740999,0.666666666666667,3675,"imput_mice_A_pmm","classif.glmnet"
"5",5,0.662650602409639,0.784795321637427,0.702127659574468,3675,"imput_mice_A_pmm","classif.glmnet"
"1",1,0.69047619047619,0.735532407407407,0.723404255319149,3675,"imput_mice_A_sample","classif.glmnet"
"2",2,0.630952380952381,0.723676202069385,0.666666666666667,3675,"imput_mice_A_sample","classif.glmnet"
"3",3,0.761904761904762,0.854875283446712,0.767441860465116,3675,"imput_mice_A_sample","classif.glmnet"
"4",4,0.626506024096386,0.781068524970964,0.651685393258427,3675,"imput_mice_A_sample","classif.glmnet"
"5",5,0.72289156626506,0.794736842105263,0.747252747252747,3675,"imput_mice_A_sample","classif.glmnet"
"1",1,0.678571428571429,0.714699074074074,0.703296703296703,3675,"imput_mice_A_cart","classif.glmnet"
"2",2,0.642857142857143,0.726110772976263,0.680851063829787,3675,"imput_mice_A_cart","classif.glmnet"
"3",3,0.69047619047619,0.802154195011338,0.704545454545455,3675,"imput_mice_A_cart","classif.glmnet"
"4",4,0.650602409638554,0.767131242740999,0.658823529411765,3675,"imput_mice_A_cart","classif.glmnet"
"5",5,0.662650602409639,0.815204678362573,0.695652173913044,3675,"imput_mice_A_cart","classif.glmnet"
"1",1,0.678571428571429,0.708912037037037,0.709677419354839,3675,"imput_mice_A_rf","classif.glmnet"
"2",2,0.642857142857143,0.732805842970177,0.680851063829787,3675,"imput_mice_A_rf","classif.glmnet"
"3",3,0.714285714285714,0.803287981859411,0.733333333333333,3675,"imput_mice_A_rf","classif.glmnet"
"4",4,0.710843373493976,0.781068524970964,0.739130434782609,3675,"imput_mice_A_rf","classif.glmnet"
"5",5,0.72289156626506,0.821637426900585,0.747252747252747,3675,"imput_mice_A_rf","classif.glmnet"
"1",1,0.678571428571429,0.716435185185185,0.709677419354839,3675,"imput_mice_pmm","classif.glmnet"
"2",2,0.630952380952381,0.74010955569081,0.666666666666667,3675,"imput_mice_pmm","classif.glmnet"
"3",3,0.75,0.846371882086168,0.758620689655172,3675,"imput_mice_pmm","classif.glmnet"
"4",4,0.674698795180723,0.786875725900116,0.703296703296703,3675,"imput_mice_pmm","classif.glmnet"
"5",5,0.626506024096386,0.754970760233918,0.673684210526316,3675,"imput_mice_pmm","classif.glmnet"
"1",1,0.69047619047619,0.722222222222222,0.729166666666667,3675,"imput_mice_sample","classif.glmnet"
"2",2,0.630952380952381,0.732197200243457,0.666666666666667,3675,"imput_mice_sample","classif.glmnet"
"3",3,0.75,0.832766439909297,0.758620689655172,3675,"imput_mice_sample","classif.glmnet"
"4",4,0.63855421686747,0.760743321718931,0.659090909090909,3675,"imput_mice_sample","classif.glmnet"
"5",5,0.72289156626506,0.803508771929825,0.741573033707865,3675,"imput_mice_sample","classif.glmnet"
"1",1,0.678571428571429,0.712962962962963,0.721649484536083,3675,"imput_mice_cart","classif.glmnet"
"2",2,0.595238095238095,0.717589774802191,0.630434782608696,3675,"imput_mice_cart","classif.glmnet"
"3",3,0.678571428571429,0.808390022675737,0.68235294117647,3675,"imput_mice_cart","classif.glmnet"
"4",4,0.650602409638554,0.77061556329849,0.674157303370787,3675,"imput_mice_cart","classif.glmnet"
"5",5,0.662650602409639,0.79766081871345,0.708333333333333,3675,"imput_mice_cart","classif.glmnet"
"1",1,0.678571428571429,0.704282407407407,0.715789473684211,3675,"imput_mice_rf","classif.glmnet"
"2",2,0.630952380952381,0.717589774802191,0.666666666666667,3675,"imput_mice_rf","classif.glmnet"
"3",3,0.738095238095238,0.829365079365079,0.755555555555556,3675,"imput_mice_rf","classif.glmnet"
"4",4,0.662650602409639,0.780487804878049,0.688888888888889,3675,"imput_mice_rf","classif.glmnet"
"5",5,0.72289156626506,0.832748538011696,0.752688172043011,3675,"imput_mice_rf","classif.glmnet"
"1",1,0.878980891719745,0.937772133526851,0.811881188118812,3704,"imput_mice_A_pmm","classif.glmnet"
"2",2,0.872611464968153,0.941578947368421,0.803921568627451,3704,"imput_mice_A_pmm","classif.glmnet"
"3",3,0.884615384615385,0.966785714285714,0.830188679245283,3704,"imput_mice_A_pmm","classif.glmnet"
"4",4,0.846153846153846,0.929840630152042,0.773584905660378,3704,"imput_mice_A_pmm","classif.glmnet"
"5",5,0.852564102564103,0.933753375337534,0.785046728971963,3704,"imput_mice_A_pmm","classif.glmnet"
"1",1,0.885350318471338,0.932148040638607,0.804347826086957,3704,"imput_mice_A_midastouch","classif.glmnet"
"2",2,0.866242038216561,0.955614035087719,0.796116504854369,3704,"imput_mice_A_midastouch","classif.glmnet"
"3",3,0.884615384615385,0.963035714285714,0.830188679245283,3704,"imput_mice_A_midastouch","classif.glmnet"
"4",4,0.865384615384615,0.943579410148379,0.803738317757009,3704,"imput_mice_A_midastouch","classif.glmnet"
"5",5,0.833333333333333,0.8997299729973,0.759259259259259,3704,"imput_mice_A_midastouch","classif.glmnet"
"1",1,0.840764331210191,0.920718432510885,0.736842105263158,3704,"imput_mice_A_sample","classif.glmnet"
"2",2,0.878980891719745,0.951929824561404,0.822429906542056,3704,"imput_mice_A_sample","classif.glmnet"
"3",3,0.884615384615385,0.958392857142857,0.830188679245283,3704,"imput_mice_A_sample","classif.glmnet"
"4",4,0.833333333333333,0.928008792819198,0.763636363636364,3704,"imput_mice_A_sample","classif.glmnet"
"5",5,0.82051282051282,0.904950495049505,0.735849056603774,3704,"imput_mice_A_sample","classif.glmnet"
"1",1,0.885350318471338,0.943033381712627,0.82,3704,"imput_mice_A_cart","classif.glmnet"
"2",2,0.904458598726115,0.954912280701754,0.854368932038835,3704,"imput_mice_A_cart","classif.glmnet"
"3",3,0.884615384615385,0.960178571428571,0.833333333333333,3704,"imput_mice_A_cart","classif.glmnet"
"4",4,0.865384615384615,0.941014837882396,0.796116504854369,3704,"imput_mice_A_cart","classif.glmnet"
"5",5,0.858974358974359,0.941134113411341,0.788461538461539,3704,"imput_mice_A_cart","classif.glmnet"
"1",1,0.885350318471338,0.92343976777939,0.8125,3704,"imput_mice_A_rf","classif.glmnet"
"2",2,0.910828025477707,0.957894736842105,0.865384615384615,3704,"imput_mice_A_rf","classif.glmnet"
"3",3,0.884615384615385,0.966964285714286,0.836363636363636,3704,"imput_mice_A_rf","classif.glmnet"
"4",4,0.846153846153846,0.940465286682543,0.769230769230769,3704,"imput_mice_A_rf","classif.glmnet"
"5",5,0.852564102564103,0.938613861386139,0.780952380952381,3704,"imput_mice_A_rf","classif.glmnet"
"1",1,0.847133757961783,0.906204644412192,0.769230769230769,3704,"imput_mice_pmm","classif.glmnet"
"2",2,0.878980891719745,0.956140350877193,0.815533980582524,3704,"imput_mice_pmm","classif.glmnet"
"3",3,0.884615384615385,0.950535714285714,0.830188679245283,3704,"imput_mice_pmm","classif.glmnet"
"4",4,0.858974358974359,0.941014837882396,0.792452830188679,3704,"imput_mice_pmm","classif.glmnet"
"5",5,0.833333333333333,0.911611161116112,0.75,3704,"imput_mice_pmm","classif.glmnet"
"1",1,0.878980891719745,0.910014513788099,0.808080808080808,3704,"imput_mice_midastouch","classif.glmnet"
"2",2,0.910828025477707,0.979122807017544,0.872727272727273,3704,"imput_mice_midastouch","classif.glmnet"
"3",3,0.897435897435897,0.968035714285714,0.851851851851852,3704,"imput_mice_midastouch","classif.glmnet"
"4",4,0.83974358974359,0.940465286682543,0.774774774774775,3704,"imput_mice_midastouch","classif.glmnet"
"5",5,0.858974358974359,0.931953195319532,0.8,3704,"imput_mice_midastouch","classif.glmnet"
"1",1,0.834394904458599,0.895319303338171,0.723404255319149,3704,"imput_mice_sample","classif.glmnet"
"2",2,0.89171974522293,0.951052631578947,0.838095238095238,3704,"imput_mice_sample","classif.glmnet"
"3",3,0.884615384615385,0.966071428571429,0.830188679245283,3704,"imput_mice_sample","classif.glmnet"
"4",4,0.833333333333333,0.921047810954387,0.754716981132075,3704,"imput_mice_sample","classif.glmnet"
"5",5,0.833333333333333,0.907110711071107,0.754716981132075,3704,"imput_mice_sample","classif.glmnet"
"1",1,0.872611464968153,0.925435413642961,0.795918367346939,3704,"imput_mice_cart","classif.glmnet"
"2",2,0.898089171974522,0.953508771929825,0.843137254901961,3704,"imput_mice_cart","classif.glmnet"
"3",3,0.878205128205128,0.956964285714286,0.825688073394495,3704,"imput_mice_cart","classif.glmnet"
"4",4,0.865384615384615,0.948159003480491,0.8,3704,"imput_mice_cart","classif.glmnet"
"5",5,0.846153846153846,0.923132313231323,0.764705882352941,3704,"imput_mice_cart","classif.glmnet"
"1",1,0.910828025477707,0.96044992743106,0.851063829787234,3704,"imput_mice_rf","classif.glmnet"
"2",2,0.898089171974522,0.948947368421053,0.849056603773585,3704,"imput_mice_rf","classif.glmnet"
"3",3,0.884615384615385,0.965357142857143,0.833333333333333,3704,"imput_mice_rf","classif.glmnet"
"4",4,0.858974358974359,0.944312145081517,0.796296296296296,3704,"imput_mice_rf","classif.glmnet"
"5",5,0.83974358974359,0.906930693069307,0.761904761904762,3704,"imput_mice_rf","classif.glmnet"
"1",1,0.96875,0.996031746031746,0.971428571428571,3719,"imput_mice_A_pmm","classif.glmnet"
"2",2,1,1,1,3719,"imput_mice_A_pmm","classif.glmnet"
"3",3,1,1,1,3719,"imput_mice_A_pmm","classif.glmnet"
"4",4,0.967741935483871,1,0.972972972972973,3719,"imput_mice_A_pmm","classif.glmnet"
"5",5,1,1,1,3719,"imput_mice_A_pmm","classif.glmnet"
"1",1,0.96875,0.996031746031746,0.971428571428571,3719,"imput_mice_A_sample","classif.glmnet"
"2",2,1,1,1,3719,"imput_mice_A_sample","classif.glmnet"
"3",3,1,1,1,3719,"imput_mice_A_sample","classif.glmnet"
"4",4,0.967741935483871,1,0.972972972972973,3719,"imput_mice_A_sample","classif.glmnet"
"5",5,1,1,1,3719,"imput_mice_A_sample","classif.glmnet"
"1",1,0.96875,0.996031746031746,0.971428571428571,3719,"imput_mice_A_cart","classif.glmnet"
"2",2,0.96875,0.995833333333333,0.974358974358974,3719,"imput_mice_A_cart","classif.glmnet"
"3",3,0.96875,1,0.976744186046512,3719,"imput_mice_A_cart","classif.glmnet"
"4",4,0.967741935483871,1,0.972972972972973,3719,"imput_mice_A_cart","classif.glmnet"
"5",5,1,1,1,3719,"imput_mice_A_cart","classif.glmnet"
"1",1,0.96875,0.992063492063492,0.971428571428571,3719,"imput_mice_A_rf","classif.glmnet"
"2",2,1,1,1,3719,"imput_mice_A_rf","classif.glmnet"
"3",3,1,1,1,3719,"imput_mice_A_rf","classif.glmnet"
"4",4,0.967741935483871,1,0.972972972972973,3719,"imput_mice_A_rf","classif.glmnet"
"5",5,1,1,1,3719,"imput_mice_A_rf","classif.glmnet"
"1",1,0.96875,0.996031746031746,0.971428571428571,3719,"imput_mice_pmm","classif.glmnet"
"2",2,1,1,1,3719,"imput_mice_pmm","classif.glmnet"
"3",3,1,1,1,3719,"imput_mice_pmm","classif.glmnet"
"4",4,0.967741935483871,1,0.972972972972973,3719,"imput_mice_pmm","classif.glmnet"
"5",5,1,1,1,3719,"imput_mice_pmm","classif.glmnet"
"1",1,0.96875,0.996031746031746,0.971428571428571,3719,"imput_mice_sample","classif.glmnet"
"2",2,1,1,1,3719,"imput_mice_sample","classif.glmnet"
"3",3,1,1,1,3719,"imput_mice_sample","classif.glmnet"
"4",4,0.967741935483871,1,0.972972972972973,3719,"imput_mice_sample","classif.glmnet"
"5",5,1,1,1,3719,"imput_mice_sample","classif.glmnet"
"1",1,0.96875,0.996031746031746,0.971428571428571,3719,"imput_mice_cart","classif.glmnet"
"2",2,0.96875,1,0.974358974358974,3719,"imput_mice_cart","classif.glmnet"
"3",3,0.96875,1,0.976744186046512,3719,"imput_mice_cart","classif.glmnet"
"4",4,0.967741935483871,1,0.972972972972973,3719,"imput_mice_cart","classif.glmnet"
"5",5,1,1,1,3719,"imput_mice_cart","classif.glmnet"
"1",1,0.96875,0.992063492063492,0.971428571428571,3719,"imput_mice_rf","classif.glmnet"
"2",2,1,1,1,3719,"imput_mice_rf","classif.glmnet"
"3",3,1,1,1,3719,"imput_mice_rf","classif.glmnet"
"4",4,0.967741935483871,1,0.972972972972973,3719,"imput_mice_rf","classif.glmnet"
"5",5,1,1,1,3719,"imput_mice_rf","classif.glmnet"
"1",1,0.779661016949153,0.875,0.805970149253731,3722,"imput_mice_A_pmm","classif.glmnet"
"2",2,0.847457627118644,0.893483709273183,0.888888888888889,3722,"imput_mice_A_pmm","classif.glmnet"
"3",3,0.864406779661017,0.952564102564103,0.902439024390244,3722,"imput_mice_A_pmm","classif.glmnet"
"4",4,0.88135593220339,0.918546365914787,0.904109589041096,3722,"imput_mice_A_pmm","classif.glmnet"
"5",5,0.793103448275862,0.865136298421808,0.853658536585366,3722,"imput_mice_A_pmm","classif.glmnet"
"1",1,0.779661016949153,0.876157407407407,0.805970149253731,3722,"imput_mice_A_sample","classif.glmnet"
"2",2,0.796610169491525,0.904761904761905,0.853658536585366,3722,"imput_mice_A_sample","classif.glmnet"
"3",3,0.864406779661017,0.916666666666667,0.902439024390244,3722,"imput_mice_A_sample","classif.glmnet"
"4",4,0.88135593220339,0.93922305764411,0.904109589041096,3722,"imput_mice_A_sample","classif.glmnet"
"5",5,0.775862068965517,0.855093256814921,0.839506172839506,3722,"imput_mice_A_sample","classif.glmnet"
"1",1,0.76271186440678,0.880787037037037,0.794117647058823,3722,"imput_mice_A_cart","classif.glmnet"
"2",2,0.847457627118644,0.899749373433584,0.888888888888889,3722,"imput_mice_A_cart","classif.glmnet"
"3",3,0.847457627118644,0.95,0.891566265060241,3722,"imput_mice_A_cart","classif.glmnet"
"4",4,0.847457627118644,0.930451127819549,0.876712328767123,3722,"imput_mice_A_cart","classif.glmnet"
"5",5,0.810344827586207,0.872309899569584,0.867469879518072,3722,"imput_mice_A_cart","classif.glmnet"
"1",1,0.779661016949153,0.855324074074074,0.8,3722,"imput_mice_pmm","classif.glmnet"
"2",2,0.847457627118644,0.883458646616541,0.888888888888889,3722,"imput_mice_pmm","classif.glmnet"
"3",3,0.847457627118644,0.941025641025641,0.891566265060241,3722,"imput_mice_pmm","classif.glmnet"
"4",4,0.898305084745763,0.912907268170426,0.918918918918919,3722,"imput_mice_pmm","classif.glmnet"
"5",5,0.810344827586207,0.868005738880918,0.867469879518072,3722,"imput_mice_pmm","classif.glmnet"
"1",1,0.779661016949153,0.877314814814815,0.805970149253731,3722,"imput_mice_sample","classif.glmnet"
"2",2,0.830508474576271,0.898496240601504,0.880952380952381,3722,"imput_mice_sample","classif.glmnet"
"3",3,0.864406779661017,0.944871794871795,0.902439024390244,3722,"imput_mice_sample","classif.glmnet"
"4",4,0.88135593220339,0.93358395989975,0.904109589041096,3722,"imput_mice_sample","classif.glmnet"
"5",5,0.827586206896552,0.869440459110474,0.880952380952381,3722,"imput_mice_sample","classif.glmnet"
"1",1,0.818181818181818,0.766666666666667,0.8,3761,"imput_mice_A_pmm","classif.glmnet"
"2",2,0.636363636363636,0.733333333333333,0.714285714285714,3761,"imput_mice_A_pmm","classif.glmnet"
"3",3,0.909090909090909,1,0.923076923076923,3761,"imput_mice_A_pmm","classif.glmnet"
"4",4,0.636363636363636,0.888888888888889,0.5,3761,"imput_mice_A_pmm","classif.glmnet"
"5",5,0.8,0.96,0.75,3761,"imput_mice_A_pmm","classif.glmnet"
"1",1,0.727272727272727,0.933333333333333,0.727272727272727,3761,"imput_mice_A_midastouch","classif.glmnet"
"2",2,0.727272727272727,0.766666666666667,0.769230769230769,3761,"imput_mice_A_midastouch","classif.glmnet"
"3",3,0.545454545454545,0.678571428571429,0.615384615384615,3761,"imput_mice_A_midastouch","classif.glmnet"
"4",4,0.909090909090909,1,0.8,3761,"imput_mice_A_midastouch","classif.glmnet"
"5",5,0.9,0.84,0.888888888888889,3761,"imput_mice_A_midastouch","classif.glmnet"
"1",1,0.909090909090909,1,0.909090909090909,3761,"imput_mice_A_sample","classif.glmnet"
"2",2,0.727272727272727,0.833333333333333,0.769230769230769,3761,"imput_mice_A_sample","classif.glmnet"
"3",3,0.909090909090909,0.964285714285714,0.923076923076923,3761,"imput_mice_A_sample","classif.glmnet"
"4",4,0.909090909090909,1,0.8,3761,"imput_mice_A_sample","classif.glmnet"
"5",5,0.8,0.92,0.75,3761,"imput_mice_A_sample","classif.glmnet"
"1",1,0.909090909090909,0.933333333333333,0.909090909090909,3761,"imput_mice_A_cart","classif.glmnet"
"2",2,0.454545454545455,0.6,0.5,3761,"imput_mice_A_cart","classif.glmnet"
"3",3,0.818181818181818,0.892857142857143,0.857142857142857,3761,"imput_mice_A_cart","classif.glmnet"
"4",4,0.818181818181818,1,0.666666666666667,3761,"imput_mice_A_cart","classif.glmnet"
"5",5,0.7,0.8,0.571428571428572,3761,"imput_mice_A_cart","classif.glmnet"
"1",1,0.909090909090909,0.966666666666667,0.909090909090909,3761,"imput_mice_A_rf","classif.glmnet"
"2",2,0.636363636363636,0.8,0.666666666666667,3761,"imput_mice_A_rf","classif.glmnet"
"3",3,0.909090909090909,0.964285714285714,0.923076923076923,3761,"imput_mice_A_rf","classif.glmnet"
"4",4,0.727272727272727,0.944444444444444,0.571428571428572,3761,"imput_mice_A_rf","classif.glmnet"
"5",5,0.9,0.96,0.888888888888889,3761,"imput_mice_A_rf","classif.glmnet"
"1",1,0.818181818181818,0.9,0.833333333333333,3761,"imput_mice_pmm","classif.glmnet"
"2",2,0.727272727272727,0.766666666666667,0.769230769230769,3761,"imput_mice_pmm","classif.glmnet"
"3",3,0.909090909090909,1,0.923076923076923,3761,"imput_mice_pmm","classif.glmnet"
"4",4,0.727272727272727,1,0.571428571428572,3761,"imput_mice_pmm","classif.glmnet"
"5",5,0.6,0.72,0.333333333333333,3761,"imput_mice_pmm","classif.glmnet"
"1",1,0.727272727272727,0.833333333333333,0.666666666666667,3761,"imput_mice_sample","classif.glmnet"
"2",2,0.636363636363636,0.733333333333333,0.714285714285714,3761,"imput_mice_sample","classif.glmnet"
"3",3,0.909090909090909,0.964285714285714,0.923076923076923,3761,"imput_mice_sample","classif.glmnet"
"4",4,0.909090909090909,0.944444444444444,0.8,3761,"imput_mice_sample","classif.glmnet"
"5",5,0.6,0.8,0.333333333333333,3761,"imput_mice_sample","classif.glmnet"
"1",1,1,1,1,3761,"imput_mice_cart","classif.glmnet"
"2",2,0.545454545454545,0.733333333333333,0.666666666666667,3761,"imput_mice_cart","classif.glmnet"
"3",3,1,1,1,3761,"imput_mice_cart","classif.glmnet"
"4",4,0.727272727272727,1,0.571428571428572,3761,"imput_mice_cart","classif.glmnet"
"5",5,0.6,0.72,0.333333333333333,3761,"imput_mice_cart","classif.glmnet"
"1",1,0.909090909090909,1,0.923076923076923,3761,"imput_mice_rf","classif.glmnet"
"2",2,0.727272727272727,0.833333333333333,0.727272727272727,3761,"imput_mice_rf","classif.glmnet"
"3",3,0.909090909090909,0.964285714285714,0.923076923076923,3761,"imput_mice_rf","classif.glmnet"
"4",4,0.818181818181818,1,0.666666666666667,3761,"imput_mice_rf","classif.glmnet"
"5",5,0.8,0.84,0.75,3761,"imput_mice_rf","classif.glmnet"
"1",1,0.789272030651341,0.840244487056568,0.757709251101322,3793,"imput_mice_A_pmm","classif.glmnet"
"2",2,0.75095785440613,0.814151497357604,0.745098039215686,3793,"imput_mice_A_pmm","classif.glmnet"
"3",3,0.738461538461539,0.818300189393939,0.734375,3793,"imput_mice_A_pmm","classif.glmnet"
"4",4,0.734615384615385,0.812830099103911,0.720647773279352,3793,"imput_mice_A_pmm","classif.glmnet"
"5",5,0.688461538461538,0.789345238095238,0.666666666666667,3793,"imput_mice_A_pmm","classif.glmnet"
"1",1,0.766283524904215,0.840184563758389,0.726457399103139,3793,"imput_mice_A_midastouch","classif.glmnet"
"2",2,0.758620689655172,0.815384615384615,0.754863813229572,3793,"imput_mice_A_midastouch","classif.glmnet"
"3",3,0.738461538461539,0.815755208333333,0.73015873015873,3793,"imput_mice_A_midastouch","classif.glmnet"
"4",4,0.738461538461539,0.814788439855201,0.721311475409836,3793,"imput_mice_A_midastouch","classif.glmnet"
"5",5,0.688461538461538,0.786666666666667,0.666666666666667,3793,"imput_mice_A_midastouch","classif.glmnet"
"1",1,0.781609195402299,0.833533077660594,0.751091703056769,3793,"imput_mice_A_sample","classif.glmnet"
"2",2,0.739463601532567,0.81714621256606,0.73015873015873,3793,"imput_mice_A_sample","classif.glmnet"
"3",3,0.753846153846154,0.819957386363636,0.759398496240602,3793,"imput_mice_A_sample","classif.glmnet"
"4",4,0.742307692307692,0.81193994421696,0.730923694779117,3793,"imput_mice_A_sample","classif.glmnet"
"5",5,0.719230769230769,0.782916666666667,0.706827309236948,3793,"imput_mice_A_sample","classif.glmnet"
"1",1,0.770114942528736,0.831795302013423,0.732142857142857,3793,"imput_mice_A_cart","classif.glmnet"
"2",2,0.731800766283525,0.811450381679389,0.728682170542636,3793,"imput_mice_A_cart","classif.glmnet"
"3",3,0.761538461538461,0.824869791666667,0.755905511811024,3793,"imput_mice_A_cart","classif.glmnet"
"4",4,0.719230769230769,0.806658358554388,0.702040816326531,3793,"imput_mice_A_cart","classif.glmnet"
"5",5,0.676923076923077,0.778690476190476,0.652892561983471,3793,"imput_mice_A_cart","classif.glmnet"
"1",1,0.78544061302682,0.842701342281879,0.760683760683761,3793,"imput_mice_A_rf","classif.glmnet"
"2",2,0.731800766283525,0.815913094539049,0.724409448818898,3793,"imput_mice_A_rf","classif.glmnet"
"3",3,0.730769230769231,0.815281723484849,0.724409448818898,3793,"imput_mice_A_rf","classif.glmnet"
"4",4,0.723076923076923,0.816509405969972,0.716535433070866,3793,"imput_mice_A_rf","classif.glmnet"
"5",5,0.688461538461538,0.784345238095238,0.669387755102041,3793,"imput_mice_A_rf","classif.glmnet"
"1",1,0.762452107279693,0.827840364333653,0.725663716814159,3793,"imput_mice_pmm","classif.glmnet"
"2",2,0.724137931034483,0.807457428068115,0.71875,3793,"imput_mice_pmm","classif.glmnet"
"3",3,0.742307692307692,0.822147253787879,0.735177865612648,3793,"imput_mice_pmm","classif.glmnet"
"4",4,0.734615384615385,0.804996736098748,0.718367346938775,3793,"imput_mice_pmm","classif.glmnet"
"5",5,0.707692307692308,0.791726190476191,0.696,3793,"imput_mice_pmm","classif.glmnet"
"1",1,0.781609195402299,0.827660594439118,0.757446808510638,3793,"imput_mice_sample","classif.glmnet"
"2",2,0.739463601532567,0.819260129183793,0.734375,3793,"imput_mice_sample","classif.glmnet"
"3",3,0.738461538461539,0.811671401515151,0.738461538461538,3793,"imput_mice_sample","classif.glmnet"
"4",4,0.719230769230769,0.807192451486559,0.711462450592885,3793,"imput_mice_sample","classif.glmnet"
"5",5,0.719230769230769,0.78172619047619,0.711462450592885,3793,"imput_mice_sample","classif.glmnet"
"1",1,0.781609195402299,0.844019654841803,0.757446808510638,3793,"imput_mice_rf","classif.glmnet"
"2",2,0.720306513409962,0.806048150322959,0.709163346613546,3793,"imput_mice_rf","classif.glmnet"
"3",3,0.734615384615385,0.823982007575758,0.729411764705882,3793,"imput_mice_rf","classif.glmnet"
"4",4,0.734615384615385,0.81188060055783,0.72289156626506,3793,"imput_mice_rf","classif.glmnet"
"5",5,0.676923076923077,0.78625,0.647058823529412,3793,"imput_mice_rf","classif.glmnet"
"1",1,0.846153846153846,0.85625,0.75,3807,"imput_mice_A_pmm","classif.glmnet"
"2",2,0.807692307692308,0.892857142857143,0.761904761904762,3807,"imput_mice_A_pmm","classif.glmnet"
"3",3,0.692307692307692,0.690476190476191,0.666666666666667,3807,"imput_mice_A_pmm","classif.glmnet"
"4",4,0.730769230769231,0.729166666666667,0.758620689655172,3807,"imput_mice_A_pmm","classif.glmnet"
"5",5,0.846153846153846,0.84375,0.8,3807,"imput_mice_A_pmm","classif.glmnet"
"1",1,0.807692307692308,0.8875,0.705882352941176,3807,"imput_mice_A_sample","classif.glmnet"
"2",2,0.807692307692308,0.904761904761905,0.761904761904762,3807,"imput_mice_A_sample","classif.glmnet"
"3",3,0.692307692307692,0.702380952380952,0.666666666666667,3807,"imput_mice_A_sample","classif.glmnet"
"4",4,0.730769230769231,0.8125,0.758620689655172,3807,"imput_mice_A_sample","classif.glmnet"
"5",5,0.884615384615385,0.85,0.842105263157895,3807,"imput_mice_A_sample","classif.glmnet"
"1",1,0.884615384615385,0.8375,0.823529411764706,3807,"imput_mice_A_cart","classif.glmnet"
"2",2,0.807692307692308,0.892857142857143,0.761904761904762,3807,"imput_mice_A_cart","classif.glmnet"
"3",3,0.615384615384615,0.660714285714286,0.545454545454545,3807,"imput_mice_A_cart","classif.glmnet"
"4",4,0.730769230769231,0.75,0.758620689655172,3807,"imput_mice_A_cart","classif.glmnet"
"5",5,0.807692307692308,0.85,0.761904761904762,3807,"imput_mice_A_cart","classif.glmnet"
"1",1,0.884615384615385,0.86875,0.823529411764706,3807,"imput_mice_A_rf","classif.glmnet"
"2",2,0.846153846153846,0.910714285714286,0.818181818181818,3807,"imput_mice_A_rf","classif.glmnet"
"3",3,0.692307692307692,0.690476190476191,0.666666666666667,3807,"imput_mice_A_rf","classif.glmnet"
"4",4,0.730769230769231,0.798611111111111,0.758620689655172,3807,"imput_mice_A_rf","classif.glmnet"
"5",5,0.846153846153846,0.85,0.8,3807,"imput_mice_A_rf","classif.glmnet"
"1",1,0.846153846153846,0.88125,0.75,3807,"imput_mice_pmm","classif.glmnet"
"2",2,0.807692307692308,0.892857142857143,0.761904761904762,3807,"imput_mice_pmm","classif.glmnet"
"3",3,0.692307692307692,0.702380952380952,0.666666666666667,3807,"imput_mice_pmm","classif.glmnet"
"4",4,0.730769230769231,0.756944444444444,0.758620689655172,3807,"imput_mice_pmm","classif.glmnet"
"5",5,0.846153846153846,0.8375,0.8,3807,"imput_mice_pmm","classif.glmnet"
"1",1,0.846153846153846,0.7875,0.75,3807,"imput_mice_sample","classif.glmnet"
"2",2,0.807692307692308,0.904761904761905,0.761904761904762,3807,"imput_mice_sample","classif.glmnet"
"3",3,0.692307692307692,0.642857142857143,0.666666666666667,3807,"imput_mice_sample","classif.glmnet"
"4",4,0.730769230769231,0.784722222222222,0.758620689655172,3807,"imput_mice_sample","classif.glmnet"
"5",5,0.846153846153846,0.84375,0.8,3807,"imput_mice_sample","classif.glmnet"
"1",1,0.846153846153846,0.875,0.8,3807,"imput_mice_cart","classif.glmnet"
"2",2,0.807692307692308,0.892857142857143,0.761904761904762,3807,"imput_mice_cart","classif.glmnet"
"3",3,0.615384615384615,0.660714285714286,0.545454545454545,3807,"imput_mice_cart","classif.glmnet"
"4",4,0.730769230769231,0.770833333333333,0.758620689655172,3807,"imput_mice_cart","classif.glmnet"
"5",5,0.807692307692308,0.84375,0.761904761904762,3807,"imput_mice_cart","classif.glmnet"
"1",1,0.884615384615385,0.84375,0.823529411764706,3807,"imput_mice_rf","classif.glmnet"
"2",2,0.807692307692308,0.898809523809524,0.761904761904762,3807,"imput_mice_rf","classif.glmnet"
"3",3,0.692307692307692,0.654761904761905,0.666666666666667,3807,"imput_mice_rf","classif.glmnet"
"4",4,0.730769230769231,0.756944444444444,0.758620689655172,3807,"imput_mice_rf","classif.glmnet"
"5",5,0.846153846153846,0.84375,0.8,3807,"imput_mice_rf","classif.glmnet"
"1",1,0.722222222222222,0.789184370821572,0.832214765100671,3852,"imput_mice_A_pmm","classif.glmnet"
"2",2,0.783333333333333,0.799966577540107,0.87459807073955,3852,"imput_mice_A_pmm","classif.glmnet"
"3",3,0.738888888888889,0.779364049318624,0.841750841750842,3852,"imput_mice_A_pmm","classif.glmnet"
"4",4,0.770949720670391,0.706632653061225,0.867313915857605,3852,"imput_mice_A_pmm","classif.glmnet"
"5",5,0.76536312849162,0.721062271062271,0.851063829787234,3852,"imput_mice_A_pmm","classif.glmnet"
"1",1,0.744444444444444,0.787550141138018,0.845637583892617,3852,"imput_mice_A_sample","classif.glmnet"
"2",2,0.783333333333333,0.809659090909091,0.865979381443299,3852,"imput_mice_A_sample","classif.glmnet"
"3",3,0.794444444444444,0.747728747566515,0.876254180602007,3852,"imput_mice_A_sample","classif.glmnet"
"4",4,0.865921787709497,0.802721088435374,0.923076923076923,3852,"imput_mice_A_sample","classif.glmnet"
"5",5,0.782122905027933,0.693956043956044,0.870431893687708,3852,"imput_mice_A_sample","classif.glmnet"
"1",1,0.766666666666667,0.80693804783836,0.856164383561644,3852,"imput_mice_A_cart","classif.glmnet"
"2",2,0.8,0.839237967914438,0.879194630872483,3852,"imput_mice_A_cart","classif.glmnet"
"3",3,0.827777777777778,0.837280986372485,0.89198606271777,3852,"imput_mice_A_cart","classif.glmnet"
"4",4,0.888268156424581,0.920918367346939,0.933333333333333,3852,"imput_mice_A_cart","classif.glmnet"
"5",5,0.804469273743017,0.823443223443223,0.875444839857651,3852,"imput_mice_A_cart","classif.glmnet"
"1",1,0.727777777777778,0.808200861684742,0.835016835016835,3852,"imput_mice_sample","classif.glmnet"
"2",2,0.772222222222222,0.80548128342246,0.861016949152542,3852,"imput_mice_sample","classif.glmnet"
"3",3,0.755555555555556,0.741726151849448,0.853333333333333,3852,"imput_mice_sample","classif.glmnet"
"4",4,0.832402234636871,0.818239795918367,0.903225806451613,3852,"imput_mice_sample","classif.glmnet"
"5",5,0.804469273743017,0.748534798534798,0.885245901639344,3852,"imput_mice_sample","classif.glmnet"
"1",1,0.733333333333333,0.820680433813698,0.836734693877551,3852,"imput_mice_cart","classif.glmnet"
"2",2,0.75,0.73278743315508,0.843205574912892,3852,"imput_mice_cart","classif.glmnet"
"3",3,0.666666666666667,0.736859182349124,0.739130434782609,3852,"imput_mice_cart","classif.glmnet"
"4",4,0.726256983240223,0.700573979591837,0.826855123674912,3852,"imput_mice_cart","classif.glmnet"
"5",5,0.770949720670391,0.773901098901099,0.853046594982079,3852,"imput_mice_cart","classif.glmnet"
"1",1,0.965811965811966,0.982322835239304,0.971664698937426,3856,"imput_mice_A_sample","classif.glmnet"
"2",2,0.96011396011396,0.98458465323362,0.96732788798133,3856,"imput_mice_A_sample","classif.glmnet"
"3",3,0.956552706552707,0.979026066967384,0.964096527369041,3856,"imput_mice_A_sample","classif.glmnet"
"4",4,0.962250712250712,0.983043326192454,0.969310943833237,3856,"imput_mice_A_sample","classif.glmnet"
"5",5,0.965074839629366,0.984274855659728,0.971983990851915,3856,"imput_mice_A_sample","classif.glmnet"
"1",1,0.965811965811966,0.980917321316638,0.971664698937426,3856,"imput_mice_A_cart","classif.glmnet"
"2",2,0.96011396011396,0.979163537006194,0.96732788798133,3856,"imput_mice_A_cart","classif.glmnet"
"3",3,0.956552706552707,0.979691837265788,0.964096527369041,3856,"imput_mice_A_cart","classif.glmnet"
"4",4,0.962250712250712,0.980497748437022,0.969310943833237,3856,"imput_mice_A_cart","classif.glmnet"
"5",5,0.965074839629366,0.982411012235818,0.971983990851915,3856,"imput_mice_A_cart","classif.glmnet"
"1",1,0.965811965811966,0.982373455280963,0.971664698937426,3856,"imput_mice_sample","classif.glmnet"
"2",2,0.96011396011396,0.984230865528015,0.96732788798133,3856,"imput_mice_sample","classif.glmnet"
"3",3,0.956552706552707,0.979158353573907,0.964096527369041,3856,"imput_mice_sample","classif.glmnet"
"4",4,0.962250712250712,0.984408472871945,0.969310943833237,3856,"imput_mice_sample","classif.glmnet"
"5",5,0.965074839629366,0.983846690326112,0.971983990851915,3856,"imput_mice_sample","classif.glmnet"
"1",1,0.964387464387464,0.981060565264312,0.970449172576832,3856,"imput_mice_cart","classif.glmnet"
"2",2,0.96011396011396,0.979914655519633,0.96732788798133,3856,"imput_mice_cart","classif.glmnet"
"3",3,0.956552706552707,0.979324253990284,0.964096527369041,3856,"imput_mice_cart","classif.glmnet"
"4",4,0.962250712250712,0.981254098719014,0.969310943833237,3856,"imput_mice_cart","classif.glmnet"
"5",5,0.965074839629366,0.982583161184385,0.971983990851915,3856,"imput_mice_cart","classif.glmnet"
"1",1,0.890447561790247,0.849395275648181,0.942049469964664,3865,"imput_mice_A_sample","classif.glmnet"
"2",2,0.904475617902472,0.847904680253277,0.949842160645388,3865,"imput_mice_A_sample","classif.glmnet"
"3",3,0.885771543086172,0.802854295114357,0.9394261424017,3865,"imput_mice_A_sample","classif.glmnet"
"4",4,0.907815631262525,0.823788804641094,0.951680672268908,3865,"imput_mice_A_sample","classif.glmnet"
"5",5,0.88309953239813,0.84395720769397,0.937921248669741,3865,"imput_mice_A_sample","classif.glmnet"
"1",1,0.890447561790247,0.846723876090974,0.942049469964664,3865,"imput_mice_A_cart","classif.glmnet"
"2",2,0.904475617902472,0.847274586565577,0.949842160645388,3865,"imput_mice_A_cart","classif.glmnet"
"3",3,0.885771543086172,0.833833893431417,0.9394261424017,3865,"imput_mice_A_cart","classif.glmnet"
"4",4,0.907815631262525,0.84575455098058,0.951680672268908,3865,"imput_mice_A_cart","classif.glmnet"
"5",5,0.88309953239813,0.851445861249189,0.937921248669741,3865,"imput_mice_A_cart","classif.glmnet"
"1",1,0.890447561790247,0.851238724315225,0.942049469964664,3865,"imput_mice_A_rf","classif.glmnet"
"2",2,0.904475617902472,0.84625972255219,0.949842160645388,3865,"imput_mice_A_rf","classif.glmnet"
"3",3,0.885771543086172,0.809615164104328,0.9394261424017,3865,"imput_mice_A_rf","classif.glmnet"
"4",4,0.907815631262525,0.826225592134029,0.951680672268908,3865,"imput_mice_A_rf","classif.glmnet"
"5",5,0.88309953239813,0.844236006051437,0.937921248669741,3865,"imput_mice_A_rf","classif.glmnet"
"1",1,0.890447561790247,0.849317512304906,0.942049469964664,3865,"imput_mice_sample","classif.glmnet"
"2",2,0.904475617902472,0.848023468407515,0.949842160645388,3865,"imput_mice_sample","classif.glmnet"
"3",3,0.885771543086172,0.803520238504759,0.9394261424017,3865,"imput_mice_sample","classif.glmnet"
"4",4,0.907815631262525,0.823602179778396,0.951680672268908,3865,"imput_mice_sample","classif.glmnet"
"5",5,0.88309953239813,0.844493192133132,0.937921248669741,3865,"imput_mice_sample","classif.glmnet"
"1",1,0.890447561790247,0.846723876090974,0.942049469964664,3865,"imput_mice_cart","classif.glmnet"
"2",2,0.904475617902472,0.847274586565577,0.949842160645388,3865,"imput_mice_cart","classif.glmnet"
"3",3,0.885771543086172,0.833833893431417,0.9394261424017,3865,"imput_mice_cart","classif.glmnet"
"4",4,0.907815631262525,0.84575455098058,0.951680672268908,3865,"imput_mice_cart","classif.glmnet"
"5",5,0.88309953239813,0.852597795547871,0.937921248669741,3865,"imput_mice_cart","classif.glmnet"
"1",1,0.818181818181818,0.847619047619048,0.75,3870,"imput_mice_A_pmm","classif.glmnet"
"2",2,0.727272727272727,0.905982905982906,0.727272727272727,3870,"imput_mice_A_pmm","classif.glmnet"
"3",3,0.523809523809524,0.648148148148148,0.5,3870,"imput_mice_A_pmm","classif.glmnet"
"4",4,0.761904761904762,0.911111111111111,0.545454545454545,3870,"imput_mice_A_pmm","classif.glmnet"
"5",5,0.952380952380952,0.990909090909091,0.952380952380952,3870,"imput_mice_A_pmm","classif.glmnet"
"1",1,0.772727272727273,0.847619047619048,0.666666666666667,3870,"imput_mice_A_sample","classif.glmnet"
"2",2,0.818181818181818,0.897435897435898,0.8,3870,"imput_mice_A_sample","classif.glmnet"
"3",3,0.523809523809524,0.657407407407407,0.444444444444444,3870,"imput_mice_A_sample","classif.glmnet"
"4",4,0.857142857142857,0.933333333333333,0.727272727272727,3870,"imput_mice_A_sample","classif.glmnet"
"5",5,0.857142857142857,0.936363636363636,0.857142857142857,3870,"imput_mice_A_sample","classif.glmnet"
"1",1,0.681818181818182,0.828571428571429,0.533333333333333,3870,"imput_mice_A_cart","classif.glmnet"
"2",2,0.772727272727273,0.905982905982906,0.761904761904762,3870,"imput_mice_A_cart","classif.glmnet"
"3",3,0.666666666666667,0.685185185185185,0.666666666666667,3870,"imput_mice_A_cart","classif.glmnet"
"4",4,0.857142857142857,0.9,0.769230769230769,3870,"imput_mice_A_cart","classif.glmnet"
"5",5,0.904761904761905,0.936363636363636,0.9,3870,"imput_mice_A_cart","classif.glmnet"
"1",1,0.772727272727273,0.828571428571429,0.666666666666667,3870,"imput_mice_A_rf","classif.glmnet"
"2",2,0.772727272727273,0.888888888888889,0.761904761904762,3870,"imput_mice_A_rf","classif.glmnet"
"3",3,0.523809523809524,0.62037037037037,0.5,3870,"imput_mice_A_rf","classif.glmnet"
"4",4,0.80952380952381,0.922222222222222,0.666666666666667,3870,"imput_mice_A_rf","classif.glmnet"
"5",5,0.952380952380952,0.954545454545455,0.947368421052632,3870,"imput_mice_A_rf","classif.glmnet"
"1",1,0.818181818181818,0.847619047619048,0.75,3870,"imput_mice_pmm","classif.glmnet"
"2",2,0.727272727272727,0.897435897435898,0.727272727272727,3870,"imput_mice_pmm","classif.glmnet"
"3",3,0.619047619047619,0.712962962962963,0.6,3870,"imput_mice_pmm","classif.glmnet"
"4",4,0.80952380952381,0.933333333333333,0.6,3870,"imput_mice_pmm","classif.glmnet"
"5",5,0.952380952380952,0.990909090909091,0.952380952380952,3870,"imput_mice_pmm","classif.glmnet"
"1",1,0.772727272727273,0.828571428571429,0.666666666666667,3870,"imput_mice_sample","classif.glmnet"
"2",2,0.818181818181818,0.88034188034188,0.8,3870,"imput_mice_sample","classif.glmnet"
"3",3,0.571428571428571,0.62962962962963,0.571428571428572,3870,"imput_mice_sample","classif.glmnet"
"4",4,0.80952380952381,0.922222222222222,0.666666666666667,3870,"imput_mice_sample","classif.glmnet"
"5",5,0.857142857142857,0.936363636363636,0.857142857142857,3870,"imput_mice_sample","classif.glmnet"
"1",1,0.681818181818182,0.838095238095238,0.533333333333333,3870,"imput_mice_cart","classif.glmnet"
"2",2,0.772727272727273,0.888888888888889,0.761904761904762,3870,"imput_mice_cart","classif.glmnet"
"3",3,0.666666666666667,0.666666666666667,0.666666666666667,3870,"imput_mice_cart","classif.glmnet"
"4",4,0.857142857142857,0.955555555555555,0.727272727272727,3870,"imput_mice_cart","classif.glmnet"
"5",5,0.904761904761905,0.945454545454545,0.9,3870,"imput_mice_cart","classif.glmnet"
"1",1,0.605263157894737,0.676180408738548,0.53125,3871,"imput_mice_A_pmm","classif.glmnet"
"2",2,0.657894736842105,0.58,0.458333333333333,3871,"imput_mice_A_pmm","classif.glmnet"
"3",3,0.526315789473684,0.576523545706371,0.419354838709677,3871,"imput_mice_A_pmm","classif.glmnet"
"4",4,0.644736842105263,0.647058823529412,0.526315789473684,3871,"imput_mice_A_pmm","classif.glmnet"
"5",5,0.653333333333333,0.660973837209302,0.551724137931034,3871,"imput_mice_A_pmm","classif.glmnet"
"1",1,0.657894736842105,0.59584214235377,0.518518518518518,3871,"imput_mice_A_sample","classif.glmnet"
"2",2,0.644736842105263,0.566153846153846,0.425531914893617,3871,"imput_mice_A_sample","classif.glmnet"
"3",3,0.592105263157895,0.685941828254848,0.456140350877193,3871,"imput_mice_A_sample","classif.glmnet"
"4",4,0.697368421052632,0.717436974789916,0.596491228070175,3871,"imput_mice_A_sample","classif.glmnet"
"5",5,0.68,0.663154069767442,0.555555555555556,3871,"imput_mice_A_sample","classif.glmnet"
"1",1,0.605263157894737,0.636363636363636,0.444444444444444,3871,"imput_mice_A_cart","classif.glmnet"
"2",2,0.565789473684211,0.536538461538462,0.326530612244898,3871,"imput_mice_A_cart","classif.glmnet"
"3",3,0.605263157894737,0.692520775623269,0.464285714285714,3871,"imput_mice_A_cart","classif.glmnet"
"4",4,0.644736842105263,0.736344537815126,0.526315789473684,3871,"imput_mice_A_cart","classif.glmnet"
"5",5,0.653333333333333,0.703125,0.566666666666667,3871,"imput_mice_A_cart","classif.glmnet"
"1",1,0.644736842105263,0.638125440451022,0.542372881355932,3871,"imput_mice_A_rf","classif.glmnet"
"2",2,0.592105263157895,0.590769230769231,0.392156862745098,3871,"imput_mice_A_rf","classif.glmnet"
"3",3,0.605263157894737,0.649584487534626,0.482758620689655,3871,"imput_mice_A_rf","classif.glmnet"
"4",4,0.631578947368421,0.720588235294118,0.416666666666667,3871,"imput_mice_A_rf","classif.glmnet"
"5",5,0.64,0.639898255813954,0.526315789473684,3871,"imput_mice_A_rf","classif.glmnet"
"1",1,0.592105263157895,0.571881606765328,0.474576271186441,3871,"imput_mice_pmm","classif.glmnet"
"2",2,0.631578947368421,0.579230769230769,0.44,3871,"imput_mice_pmm","classif.glmnet"
"3",3,0.526315789473684,0.589681440443213,0.470588235294118,3871,"imput_mice_pmm","classif.glmnet"
"4",4,0.618421052631579,0.665266106442577,0.472727272727273,3871,"imput_mice_pmm","classif.glmnet"
"5",5,0.613333333333333,0.660247093023256,0.524590163934426,3871,"imput_mice_pmm","classif.glmnet"
"1",1,0.618421052631579,0.666666666666667,0.53968253968254,3871,"imput_mice_sample","classif.glmnet"
"2",2,0.631578947368421,0.542692307692308,0.363636363636364,3871,"imput_mice_sample","classif.glmnet"
"3",3,0.618421052631579,0.7202216066482,0.491228070175439,3871,"imput_mice_sample","classif.glmnet"
"4",4,0.578947368421053,0.572829131652661,0.448275862068965,3871,"imput_mice_sample","classif.glmnet"
"5",5,0.586666666666667,0.654069767441861,0.474576271186441,3871,"imput_mice_sample","classif.glmnet"
"1",1,0.618421052631579,0.640591966173362,0.508474576271186,3871,"imput_mice_cart","classif.glmnet"
"2",2,0.526315789473684,0.551538461538462,0.333333333333333,3871,"imput_mice_cart","classif.glmnet"
"3",3,0.644736842105263,0.75415512465374,0.470588235294118,3871,"imput_mice_cart","classif.glmnet"
"4",4,0.631578947368421,0.692577030812325,0.517241379310345,3871,"imput_mice_cart","classif.glmnet"
"5",5,0.733333333333333,0.718023255813954,0.67741935483871,3871,"imput_mice_cart","classif.glmnet"
"1",1,0.934991520633126,0.884992902581357,0.966403739409874,3881,"imput_mice_sample","classif.glmnet"
"2",2,0.933860938383267,0.883927277995075,0.965799473838059,3881,"imput_mice_sample","classif.glmnet"
"3",3,0.939513849632561,0.88624222589606,0.96881375692218,3881,"imput_mice_sample","classif.glmnet"
"4",4,0.927077444884115,0.887327472111931,0.962158990906424,3881,"imput_mice_sample","classif.glmnet"
"5",5,0.943438914027149,0.856588729016787,0.970896391152503,3881,"imput_mice_sample","classif.glmnet"
"1",1,0.934991520633126,0.88064244782083,0.966403739409874,3881,"imput_mice_cart","classif.glmnet"
"2",2,0.933860938383267,0.880776473996813,0.965799473838059,3881,"imput_mice_cart","classif.glmnet"
"3",3,0.939513849632561,0.879072618284467,0.96881375692218,3881,"imput_mice_cart","classif.glmnet"
"4",4,0.927077444884115,0.769235677821894,0.962158990906424,3881,"imput_mice_cart","classif.glmnet"
"5",5,0.943438914027149,0.853782973621103,0.970896391152503,3881,"imput_mice_cart","classif.glmnet"
"1",1,0.927007299270073,0.983660130718954,0.666666666666667,3886,"imput_mice_pmm","classif.glmnet"
"2",2,0.970802919708029,0.995588235294118,0.875,3886,"imput_mice_pmm","classif.glmnet"
"3",3,0.934306569343066,0.974509803921569,0.742857142857143,3886,"imput_mice_pmm","classif.glmnet"
"4",4,0.963235294117647,0.993229166666667,0.827586206896552,3886,"imput_mice_pmm","classif.glmnet"
"5",5,0.955882352941177,0.988467261904762,0.857142857142857,3886,"imput_mice_pmm","classif.glmnet"
"1",1,0.941605839416058,0.986461251167133,0.714285714285714,3886,"imput_mice_sample","classif.glmnet"
"2",2,0.970802919708029,0.994117647058823,0.875,3886,"imput_mice_sample","classif.glmnet"
"3",3,0.956204379562044,0.983823529411765,0.8125,3886,"imput_mice_sample","classif.glmnet"
"4",4,0.963235294117647,0.995833333333333,0.827586206896552,3886,"imput_mice_sample","classif.glmnet"
"5",5,0.955882352941177,0.985491071428571,0.863636363636364,3886,"imput_mice_sample","classif.glmnet"
"1",1,0.941605839416058,0.987861811391223,0.714285714285714,3886,"imput_mice_cart","classif.glmnet"
"2",2,0.970802919708029,0.995588235294118,0.875,3886,"imput_mice_cart","classif.glmnet"
"3",3,0.956204379562044,0.984313725490196,0.8125,3886,"imput_mice_cart","classif.glmnet"
"4",4,0.970588235294118,0.999479166666667,0.857142857142857,3886,"imput_mice_cart","classif.glmnet"
"5",5,0.941176470588235,0.983258928571429,0.818181818181818,3886,"imput_mice_cart","classif.glmnet"
"1",1,0.56,0.542020373514431,0.645161290322581,125920,"imput_mice_A_pmm","classif.glmnet"
"2",2,0.56,0.538200339558574,0.666666666666667,125920,"imput_mice_A_pmm","classif.glmnet"
"3",3,0.6,0.639855942376951,0.682539682539683,125920,"imput_mice_A_pmm","classif.glmnet"
"4",4,0.62,0.620941558441558,0.688524590163935,125920,"imput_mice_A_pmm","classif.glmnet"
"5",5,0.55,0.528317486564696,0.651162790697674,125920,"imput_mice_A_pmm","classif.glmnet"
"1",1,0.57,0.555602716468591,0.650406504065041,125920,"imput_mice_A_sample","classif.glmnet"
"2",2,0.61,0.614176570458404,0.697674418604651,125920,"imput_mice_A_sample","classif.glmnet"
"3",3,0.57,0.653861544617847,0.686131386861314,125920,"imput_mice_A_sample","classif.glmnet"
"4",4,0.6,0.592532467532467,0.672131147540984,125920,"imput_mice_A_sample","classif.glmnet"
"5",5,0.58,0.630425795783382,0.676923076923077,125920,"imput_mice_A_sample","classif.glmnet"
"1",1,0.53,0.487266553480475,0.646616541353384,125920,"imput_mice_A_cart","classif.glmnet"
"2",2,0.6,0.559422750424448,0.701492537313433,125920,"imput_mice_A_cart","classif.glmnet"
"3",3,0.58,0.602240896358543,0.661290322580645,125920,"imput_mice_A_cart","classif.glmnet"
"4",4,0.68,0.612012987012987,0.746031746031746,125920,"imput_mice_A_cart","classif.glmnet"
"5",5,0.57,0.631252583712278,0.666666666666667,125920,"imput_mice_A_cart","classif.glmnet"
"1",1,0.58,0.555602716468591,0.661290322580645,125920,"imput_mice_pmm","classif.glmnet"
"2",2,0.59,0.556876061120543,0.682170542635659,125920,"imput_mice_pmm","classif.glmnet"
"3",3,0.55,0.576630652260904,0.628099173553719,125920,"imput_mice_pmm","classif.glmnet"
"4",4,0.64,0.647727272727273,0.704918032786885,125920,"imput_mice_pmm","classif.glmnet"
"5",5,0.56,0.539892517569244,0.661538461538462,125920,"imput_mice_pmm","classif.glmnet"
"1",1,0.55,0.523344651952462,0.628099173553719,125920,"imput_mice_sample","classif.glmnet"
"2",2,0.56,0.595500848896435,0.676470588235294,125920,"imput_mice_sample","classif.glmnet"
"3",3,0.57,0.676670668267307,0.686131386861314,125920,"imput_mice_sample","classif.glmnet"
"4",4,0.64,0.602272727272727,0.709677419354839,125920,"imput_mice_sample","classif.glmnet"
"5",5,0.52,0.55394791236048,0.625,125920,"imput_mice_sample","classif.glmnet"
"1",1,0.56,0.490662139219015,0.661538461538462,125920,"imput_mice_cart","classif.glmnet"
"2",2,0.61,0.564516129032258,0.702290076335878,125920,"imput_mice_cart","classif.glmnet"
"3",3,0.55,0.579031612645058,0.64,125920,"imput_mice_cart","classif.glmnet"
"4",4,0.65,0.592532467532467,0.724409448818898,125920,"imput_mice_cart","classif.glmnet"
"5",5,0.61,0.633319553534518,0.692913385826772,125920,"imput_mice_cart","classif.glmnet"
